product;assembly;part_number;process_sequence;process;machine;processing_hours;working_hours_per_day;assigned_staff;maintenance_between_operations;maintenance_time_hours
Бобышка;Assembly_1;Part_00707;1;Forging;Кузнечный пресс 1;2,64;;;;
Бобышка;Assembly_1;Part_00707;2;Turning;Токарный станок 2;2,71;16;3;no;1,26
Бобышка;Assembly_1;Part_00707;3;Grinding;Шлифовальный станок 1;2,41;16;3;no;0,78
Бобышка;Assembly_11;Part_00621;1;Casting;Литейная установка 1;2,57;;;;
Бобышка;Assembly_11;Part_00621;2;Milling;Фрезерный станок 1;4,02;16;1;no;1,44
Бобышка;Assembly_11;Part_00621;3;Drilling;Сверлильный станок 1;1,52;16;3;yes;1,1
Бобышка;Assembly_12;Part_00334;1;Cutting;Ленточнопильный станок 2;1,03;16;2;yes;0,26
Бобышка;Assembly_12;Part_00334;2;Turning;Токарный станок 1;2,27;20;2;yes;0,49
Бобышка;Assembly_12;Part_00334;3;Heat treatment;Печь термообработки 1;6,41;20;1;no;0,2
Бобышка;Assembly_12;Part_00334;4;Grinding;Шлифовальный станок 1;2,06;16;3;no;0,78
Бобышка;Assembly_12;Part_00334;5;Polishing;Полировальный станок 1;0,55;24;2;yes;1,29
Бобышка;Assembly_13;Part_00073;1;Forging;Кузнечный пресс 1;3;;;;
Бобышка;Assembly_13;Part_00073;2;Turning;Токарный станок 1;4,11;20;2;yes;0,49
Бобышка;Assembly_13;Part_00073;3;Grinding;Шлифовальный станок 1;2,33;16;3;no;0,78
Бобышка;Assembly_14;Part_00387;1;Forging;Кузнечный пресс 1;3,26;;;;
Бобышка;Assembly_14;Part_00387;2;Turning;Токарный станок 1;3,14;20;2;yes;0,49
Бобышка;Assembly_14;Part_00387;3;Grinding;Шлифовальный станок 1;2,89;16;3;no;0,78
Бобышка;Assembly_14;Part_01083;1;Cutting;Ленточнопильный станок 2;1,39;16;2;yes;0,26
Бобышка;Assembly_14;Part_01083;2;Turning;Токарный станок 1;4,33;20;2;yes;0,49
Бобышка;Assembly_14;Part_01083;3;Heat treatment;Печь термообработки 1;7,91;20;1;no;0,2
Бобышка;Assembly_14;Part_01083;4;Grinding;Шлифовальный станок 1;2,01;16;3;no;0,78
Бобышка;Assembly_14;Part_01083;5;Polishing;Полировальный станок 1;0,93;24;2;yes;1,29
Бобышка;Assembly_14;Part_01309;1;Casting;Литейная установка 1;2,54;;;;
Бобышка;Assembly_14;Part_01309;2;Milling;Фрезерный станок 2;3,03;24;2;yes;0,67
Бобышка;Assembly_14;Part_01309;3;Drilling;Сверлильный станок 1;1,85;16;3;yes;1,1
Бобышка;Assembly_20;Part_01311;1;Cutting;Ленточнопильный станок 1;1,4;16;2;no;0,53
Бобышка;Assembly_20;Part_01311;2;Turning;Токарный станок 2;2,74;16;3;no;1,26
Бобышка;Assembly_20;Part_01311;3;Heat treatment;Печь термообработки 1;4,01;20;1;no;0,2
Бобышка;Assembly_20;Part_01311;4;Grinding;Шлифовальный станок 1;1,48;16;3;no;0,78
Бобышка;Assembly_20;Part_01311;5;Polishing;Полировальный станок 1;0,54;24;2;yes;1,29
Бобышка;Assembly_22;Part_01063;1;Cutting;Ленточнопильный станок 2;0,5;16;2;yes;0,26
Бобышка;Assembly_22;Part_01063;2;Milling;Фрезерный станок 2;5,01;24;2;yes;0,67
Бобышка;Assembly_22;Part_01063;3;Heat treatment;Печь термообработки 1;5,57;20;1;no;0,2
Бобышка;Assembly_22;Part_01063;4;Grinding;Шлифовальный станок 1;1,9;16;3;no;0,78
Бобышка;Assembly_23;Part_00876;1;Forging;Кузнечный пресс 1;2,7;;;;
Бобышка;Assembly_23;Part_00876;2;Turning;Токарный станок 2;1,91;16;3;no;1,26
Бобышка;Assembly_23;Part_00876;3;Grinding;Шлифовальный станок 1;2,57;16;3;no;0,78
Бобышка;Assembly_24;Part_01104;1;Forging;Кузнечный пресс 1;2,98;;;;
Бобышка;Assembly_24;Part_01104;2;Turning;Токарный станок 1;1,78;20;2;yes;0,49
Бобышка;Assembly_24;Part_01104;3;Grinding;Шлифовальный станок 1;2,97;16;3;no;0,78
Бобышка;Assembly_25;Part_00671;1;Forging;Кузнечный пресс 1;2,72;;;;
Бобышка;Assembly_25;Part_00671;2;Turning;Токарный станок 2;3,35;16;3;no;1,26
Бобышка;Assembly_25;Part_00671;3;Grinding;Шлифовальный станок 1;1,39;16;3;no;0,78
Бобышка;Assembly_27;Part_00458;1;Forging;Кузнечный пресс 1;2,6;;;;
Бобышка;Assembly_27;Part_00458;2;Turning;Токарный станок 2;4,76;16;3;no;1,26
Бобышка;Assembly_27;Part_00458;3;Grinding;Шлифовальный станок 1;2,25;16;3;no;0,78
Бобышка;Assembly_28;Part_00182;1;Forging;Кузнечный пресс 1;3,66;;;;
Бобышка;Assembly_28;Part_00182;2;Turning;Токарный станок 2;4,57;16;3;no;1,26
Бобышка;Assembly_28;Part_00182;3;Grinding;Шлифовальный станок 1;2,21;16;3;no;0,78
Бобышка;Assembly_28;Part_00438;1;Cutting;Ленточнопильный станок 2;1,42;16;2;yes;0,26
Бобышка;Assembly_28;Part_00438;2;Milling;Фрезерный станок 1;5,13;16;1;no;1,44
Бобышка;Assembly_28;Part_00438;3;Heat treatment;Печь термообработки 1;6,06;20;1;no;0,2
Бобышка;Assembly_28;Part_00438;4;Grinding;Шлифовальный станок 1;2;16;3;no;0,78
Бобышка;Assembly_28;Part_00928;1;Forging;Кузнечный пресс 1;2,88;;;;
Бобышка;Assembly_28;Part_00928;2;Turning;Токарный станок 2;3,62;16;3;no;1,26
Бобышка;Assembly_28;Part_00928;3;Grinding;Шлифовальный станок 1;1,02;16;3;no;0,78
Бобышка;Assembly_29;Part_00084;1;Cutting;Ленточнопильный станок 2;0,98;16;2;yes;0,26
Бобышка;Assembly_29;Part_00084;2;Milling;Фрезерный станок 2;5,71;24;2;yes;0,67
Бобышка;Assembly_29;Part_00084;3;Heat treatment;Печь термообработки 1;7,08;20;1;no;0,2
Бобышка;Assembly_29;Part_00084;4;Grinding;Шлифовальный станок 1;2,84;16;3;no;0,78
Бобышка;Assembly_29;Part_01092;1;Cutting;Ленточнопильный станок 2;1,38;16;2;yes;0,26
Бобышка;Assembly_29;Part_01092;2;Milling;Фрезерный станок 2;3,14;24;2;yes;0,67
Бобышка;Assembly_29;Part_01092;3;Heat treatment;Печь термообработки 1;4,49;20;1;no;0,2
Бобышка;Assembly_29;Part_01092;4;Grinding;Шлифовальный станок 1;2,39;16;3;no;0,78
Бобышка;Assembly_31;Part_00577;1;Forging;Кузнечный пресс 1;2,82;;;;
Бобышка;Assembly_31;Part_00577;2;Turning;Токарный станок 1;3,97;20;2;yes;0,49
Бобышка;Assembly_31;Part_00577;3;Grinding;Шлифовальный станок 1;2,87;16;3;no;0,78
Бобышка;Assembly_32;Part_00697;1;Cutting;Ленточнопильный станок 2;1,06;16;2;yes;0,26
Бобышка;Assembly_32;Part_00697;2;Milling;Фрезерный станок 2;5,92;24;2;yes;0,67
Бобышка;Assembly_32;Part_00697;3;Heat treatment;Печь термообработки 1;5,75;20;1;no;0,2
Бобышка;Assembly_32;Part_00697;4;Grinding;Шлифовальный станок 1;1,49;16;3;no;0,78
Бобышка;Assembly_33;Part_00244;1;Cutting;Ленточнопильный станок 2;1,4;16;2;yes;0,26
Бобышка;Assembly_33;Part_00244;2;Turning;Токарный станок 2;2,43;16;3;no;1,26
Бобышка;Assembly_33;Part_00244;3;Heat treatment;Печь термообработки 1;4,43;20;1;no;0,2
Бобышка;Assembly_33;Part_00244;4;Grinding;Шлифовальный станок 1;1,14;16;3;no;0,78
Бобышка;Assembly_33;Part_00244;5;Polishing;Полировальный станок 1;0,56;24;2;yes;1,29
Бобышка;Assembly_34;Part_00439;1;Cutting;Ленточнопильный станок 1;0,52;16;2;no;0,53
Бобышка;Assembly_34;Part_00439;2;Milling;Фрезерный станок 1;5,53;16;1;no;1,44
Бобышка;Assembly_34;Part_00439;3;Heat treatment;Печь термообработки 1;6,04;20;1;no;0,2
Бобышка;Assembly_34;Part_00439;4;Grinding;Шлифовальный станок 1;1,96;16;3;no;0,78
Бобышка;Assembly_36;Part_00765;1;Casting;Литейная установка 1;3,36;;;;
Бобышка;Assembly_36;Part_00765;2;Milling;Фрезерный станок 1;5,12;16;1;no;1,44
Бобышка;Assembly_36;Part_00765;3;Drilling;Сверлильный станок 1;1,3;16;3;yes;1,1
Бобышка;Assembly_37;Part_00874;1;Cutting;Ленточнопильный станок 1;1,26;16;2;no;0,53
Бобышка;Assembly_37;Part_00874;2;Milling;Фрезерный станок 1;2,89;16;1;no;1,44
Бобышка;Assembly_37;Part_00874;3;Drilling;Сверлильный станок 1;0,83;16;3;yes;1,1
Бобышка;Assembly_37;Part_00874;4;Grinding;Шлифовальный станок 1;1,82;16;3;no;0,78
Бобышка;Assembly_39;Part_00964;1;Cutting;Ленточнопильный станок 1;1,34;16;2;no;0,53
Бобышка;Assembly_39;Part_00964;2;Milling;Фрезерный станок 1;4,05;16;1;no;1,44
Бобышка;Assembly_39;Part_00964;3;Heat treatment;Печь термообработки 1;5,13;20;1;no;0,2
Бобышка;Assembly_39;Part_00964;4;Grinding;Шлифовальный станок 1;1,02;16;3;no;0,78
Бобышка;Assembly_4;Part_01186;1;Cutting;Ленточнопильный станок 2;0,64;16;2;yes;0,26
Бобышка;Assembly_4;Part_01186;2;Milling;Фрезерный станок 2;2,71;24;2;yes;0,67
Бобышка;Assembly_4;Part_01186;3;Drilling;Сверлильный станок 1;1,62;16;3;yes;1,1
Бобышка;Assembly_4;Part_01186;4;Grinding;Шлифовальный станок 1;1,42;16;3;no;0,78
Бобышка;Assembly_4;Part_01275;1;Casting;Литейная установка 1;4,62;;;;
Бобышка;Assembly_4;Part_01275;2;Milling;Фрезерный станок 2;3,07;24;2;yes;0,67
Бобышка;Assembly_4;Part_01275;3;Drilling;Сверлильный станок 1;0,73;16;3;yes;1,1
Бобышка;Assembly_40;Part_00193;1;Casting;Литейная установка 1;4,03;;;;
Бобышка;Assembly_40;Part_00193;2;Milling;Фрезерный станок 1;2,35;16;1;no;1,44
Бобышка;Assembly_40;Part_00193;3;Drilling;Сверлильный станок 1;1,4;16;3;yes;1,1
Бобышка;Assembly_40;Part_00881;1;Cutting;Ленточнопильный станок 2;1,37;16;2;yes;0,26
Бобышка;Assembly_40;Part_00881;2;Milling;Фрезерный станок 2;3,88;24;2;yes;0,67
Бобышка;Assembly_40;Part_00881;3;Heat treatment;Печь термообработки 1;3,88;20;1;no;0,2
Бобышка;Assembly_40;Part_00881;4;Grinding;Шлифовальный станок 1;1,08;16;3;no;0,78
Бобышка;Assembly_41;Part_00109;1;Cutting;Ленточнопильный станок 1;1,06;16;2;no;0,53
Бобышка;Assembly_41;Part_00109;2;Turning;Токарный станок 1;2,29;20;2;yes;0,49
Бобышка;Assembly_41;Part_00109;3;Heat treatment;Печь термообработки 1;5,52;20;1;no;0,2
Бобышка;Assembly_41;Part_00109;4;Grinding;Шлифовальный станок 1;1,84;16;3;no;0,78
Бобышка;Assembly_41;Part_00109;5;Polishing;Полировальный станок 1;1,27;24;2;yes;1,29
Бобышка;Assembly_41;Part_01217;1;Cutting;Ленточнопильный станок 2;1,12;16;2;yes;0,26
Бобышка;Assembly_41;Part_01217;2;Turning;Токарный станок 2;2,46;16;3;no;1,26
Бобышка;Assembly_41;Part_01217;3;Heat treatment;Печь термообработки 1;4,65;20;1;no;0,2
Бобышка;Assembly_41;Part_01217;4;Grinding;Шлифовальный станок 1;1,89;16;3;no;0,78
Бобышка;Assembly_41;Part_01217;5;Polishing;Полировальный станок 1;1,19;24;2;yes;1,29
Бобышка;Assembly_42;Part_01238;1;Cutting;Ленточнопильный станок 2;0,63;16;2;yes;0,26
Бобышка;Assembly_42;Part_01238;2;Turning;Токарный станок 1;1,97;20;2;yes;0,49
Бобышка;Assembly_42;Part_01238;3;Heat treatment;Печь термообработки 1;6,54;20;1;no;0,2
Бобышка;Assembly_42;Part_01238;4;Grinding;Шлифовальный станок 1;1;16;3;no;0,78
Бобышка;Assembly_42;Part_01238;5;Polishing;Полировальный станок 1;1,05;24;2;yes;1,29
Бобышка;Assembly_44;Part_01204;1;Casting;Литейная установка 1;3,58;;;;
Бобышка;Assembly_44;Part_01204;2;Milling;Фрезерный станок 2;5,2;24;2;yes;0,67
Бобышка;Assembly_44;Part_01204;3;Drilling;Сверлильный станок 1;1,5;16;3;yes;1,1
Бобышка;Assembly_45;Part_00423;1;Casting;Литейная установка 1;2,64;;;;
Бобышка;Assembly_45;Part_00423;2;Milling;Фрезерный станок 2;4,95;24;2;yes;0,67
Бобышка;Assembly_45;Part_00423;3;Drilling;Сверлильный станок 1;1,16;16;3;yes;1,1
Бобышка;Assembly_47;Part_00389;1;Forging;Кузнечный пресс 1;2,15;;;;
Бобышка;Assembly_47;Part_00389;2;Turning;Токарный станок 2;4,03;16;3;no;1,26
Бобышка;Assembly_47;Part_00389;3;Grinding;Шлифовальный станок 1;1,41;16;3;no;0,78
Бобышка;Assembly_48;Part_00200;1;Cutting;Ленточнопильный станок 1;0,54;16;2;no;0,53
Бобышка;Assembly_48;Part_00200;2;Turning;Токарный станок 2;3,49;16;3;no;1,26
Бобышка;Assembly_48;Part_00200;3;Heat treatment;Печь термообработки 1;7,59;20;1;no;0,2
Бобышка;Assembly_48;Part_00200;4;Grinding;Шлифовальный станок 1;2,13;16;3;no;0,78
Бобышка;Assembly_48;Part_00200;5;Polishing;Полировальный станок 1;0,9;24;2;yes;1,29
Бобышка;Assembly_50;Part_00617;1;Forging;Кузнечный пресс 1;3,42;;;;
Бобышка;Assembly_50;Part_00617;2;Turning;Токарный станок 1;2,4;20;2;yes;0,49
Бобышка;Assembly_50;Part_00617;3;Grinding;Шлифовальный станок 1;2,72;16;3;no;0,78
Бобышка;Assembly_54;Part_00561;1;Casting;Литейная установка 1;4,09;;;;
Бобышка;Assembly_54;Part_00561;2;Milling;Фрезерный станок 2;5,39;24;2;yes;0,67
Бобышка;Assembly_54;Part_00561;3;Drilling;Сверлильный станок 1;1,32;16;3;yes;1,1
Бобышка;Assembly_54;Part_00585;1;Cutting;Ленточнопильный станок 1;0,59;16;2;no;0,53
Бобышка;Assembly_54;Part_00585;2;Turning;Токарный станок 1;2,58;20;2;yes;0,49
Бобышка;Assembly_54;Part_00585;3;Heat treatment;Печь термообработки 1;5,96;20;1;no;0,2
Бобышка;Assembly_54;Part_00585;4;Grinding;Шлифовальный станок 1;1,04;16;3;no;0,78
Бобышка;Assembly_54;Part_00585;5;Polishing;Полировальный станок 1;0,73;24;2;yes;1,29
Бобышка;Assembly_57;Part_00276;1;Cutting;Ленточнопильный станок 2;1,18;16;2;yes;0,26
Бобышка;Assembly_57;Part_00276;2;Milling;Фрезерный станок 2;5,37;24;2;yes;0,67
Бобышка;Assembly_57;Part_00276;3;Heat treatment;Печь термообработки 1;3,65;20;1;no;0,2
Бобышка;Assembly_57;Part_00276;4;Grinding;Шлифовальный станок 1;1,86;16;3;no;0,78
Бобышка;Assembly_59;Part_00570;1;Casting;Литейная установка 1;3,14;;;;
Бобышка;Assembly_59;Part_00570;2;Milling;Фрезерный станок 1;2,97;16;1;no;1,44
Бобышка;Assembly_59;Part_00570;3;Drilling;Сверлильный станок 1;0,99;16;3;yes;1,1
Бобышка;Assembly_59;Part_00741;1;Casting;Литейная установка 1;2,14;;;;
Бобышка;Assembly_59;Part_00741;2;Milling;Фрезерный станок 1;5,84;16;1;no;1,44
Бобышка;Assembly_59;Part_00741;3;Drilling;Сверлильный станок 1;1,88;16;3;yes;1,1
Бобышка;Assembly_60;Part_00094;1;Cutting;Ленточнопильный станок 1;1,35;16;2;no;0,53
Бобышка;Assembly_60;Part_00094;2;Milling;Фрезерный станок 2;3,08;24;2;yes;0,67
Бобышка;Assembly_60;Part_00094;3;Drilling;Сверлильный станок 1;1,69;16;3;yes;1,1
Бобышка;Assembly_60;Part_00094;4;Grinding;Шлифовальный станок 1;2,27;16;3;no;0,78
Бобышка;Assembly_60;Part_00280;1;Cutting;Ленточнопильный станок 1;0,56;16;2;no;0,53
Бобышка;Assembly_60;Part_00280;2;Milling;Фрезерный станок 2;2,15;24;2;yes;0,67
Бобышка;Assembly_60;Part_00280;3;Heat treatment;Печь термообработки 1;3,88;20;1;no;0,2
Бобышка;Assembly_60;Part_00280;4;Grinding;Шлифовальный станок 1;2,24;16;3;no;0,78
Бобышка;Assembly_60;Part_00583;1;Forging;Кузнечный пресс 1;3,48;;;;
Бобышка;Assembly_60;Part_00583;2;Turning;Токарный станок 2;4,76;16;3;no;1,26
Бобышка;Assembly_60;Part_00583;3;Grinding;Шлифовальный станок 1;1,53;16;3;no;0,78
Бобышка;Assembly_60;Part_01272;1;Cutting;Ленточнопильный станок 2;0,62;16;2;yes;0,26
Бобышка;Assembly_60;Part_01272;2;Turning;Токарный станок 1;3,86;20;2;yes;0,49
Бобышка;Assembly_60;Part_01272;3;Heat treatment;Печь термообработки 1;7,16;20;1;no;0,2
Бобышка;Assembly_60;Part_01272;4;Grinding;Шлифовальный станок 1;2,32;16;3;no;0,78
Бобышка;Assembly_60;Part_01272;5;Polishing;Полировальный станок 1;0,61;24;2;yes;1,29
Бобышка;Assembly_8;Part_01043;1;Cutting;Ленточнопильный станок 1;1,1;16;2;no;0,53
Бобышка;Assembly_8;Part_01043;2;Milling;Фрезерный станок 2;2,03;24;2;yes;0,67
Бобышка;Assembly_8;Part_01043;3;Drilling;Сверлильный станок 1;1,98;16;3;yes;1,1
Бобышка;Assembly_8;Part_01043;4;Grinding;Шлифовальный станок 1;2,92;16;3;no;0,78
Бобышка;Assembly_9;Part_00931;1;Cutting;Ленточнопильный станок 2;1,44;16;2;yes;0,26
Бобышка;Assembly_9;Part_00931;2;Milling;Фрезерный станок 1;5,75;16;1;no;1,44
Бобышка;Assembly_9;Part_00931;3;Heat treatment;Печь термообработки 1;7,47;20;1;no;0,2
Бобышка;Assembly_9;Part_00931;4;Grinding;Шлифовальный станок 1;1,68;16;3;no;0,78
Вал;Assembly_11;Part_01136;1;Casting;Литейная установка 1;2,35;;;;
Вал;Assembly_11;Part_01136;2;Milling;Фрезерный станок 1;3,69;16;1;no;1,44
Вал;Assembly_11;Part_01136;3;Drilling;Сверлильный станок 1;0,6;16;3;yes;1,1
Вал;Assembly_12;Part_00178;1;Cutting;Ленточнопильный станок 2;1,41;16;2;yes;0,26
Вал;Assembly_12;Part_00178;2;Turning;Токарный станок 1;1,71;20;2;yes;0,49
Вал;Assembly_12;Part_00178;3;Heat treatment;Печь термообработки 1;7,39;20;1;no;0,2
Вал;Assembly_12;Part_00178;4;Grinding;Шлифовальный станок 1;1,13;16;3;no;0,78
Вал;Assembly_12;Part_00178;5;Polishing;Полировальный станок 1;0,65;24;2;yes;1,29
Вал;Assembly_12;Part_00793;1;Casting;Литейная установка 1;4,89;;;;
Вал;Assembly_12;Part_00793;2;Milling;Фрезерный станок 2;4,85;24;2;yes;0,67
Вал;Assembly_12;Part_00793;3;Drilling;Сверлильный станок 1;0,71;16;3;yes;1,1
Вал;Assembly_14;Part_00155;1;Casting;Литейная установка 1;2,83;;;;
Вал;Assembly_14;Part_00155;2;Milling;Фрезерный станок 2;2,19;24;2;yes;0,67
Вал;Assembly_14;Part_00155;3;Drilling;Сверлильный станок 1;1,68;16;3;yes;1,1
Вал;Assembly_14;Part_00375;1;Cutting;Ленточнопильный станок 2;1,3;16;2;yes;0,26
Вал;Assembly_14;Part_00375;2;Milling;Фрезерный станок 2;5,17;24;2;yes;0,67
Вал;Assembly_14;Part_00375;3;Heat treatment;Печь термообработки 1;5,16;20;1;no;0,2
Вал;Assembly_14;Part_00375;4;Grinding;Шлифовальный станок 1;2,89;16;3;no;0,78
Вал;Assembly_14;Part_00905;1;Casting;Литейная установка 1;4,22;;;;
Вал;Assembly_14;Part_00905;2;Milling;Фрезерный станок 2;3,17;24;2;yes;0,67
Вал;Assembly_14;Part_00905;3;Drilling;Сверлильный станок 1;1,48;16;3;yes;1,1
Вал;Assembly_14;Part_00946;1;Cutting;Ленточнопильный станок 2;0,73;16;2;yes;0,26
Вал;Assembly_14;Part_00946;2;Turning;Токарный станок 2;1,94;16;3;no;1,26
Вал;Assembly_14;Part_00946;3;Heat treatment;Печь термообработки 1;6,61;20;1;no;0,2
Вал;Assembly_14;Part_00946;4;Grinding;Шлифовальный станок 1;2,04;16;3;no;0,78
Вал;Assembly_14;Part_00946;5;Polishing;Полировальный станок 1;0,94;24;2;yes;1,29
Вал;Assembly_15;Part_01215;1;Casting;Литейная установка 1;2,47;;;;
Вал;Assembly_15;Part_01215;2;Milling;Фрезерный станок 1;3,4;16;1;no;1,44
Вал;Assembly_15;Part_01215;3;Drilling;Сверлильный станок 1;1,4;16;3;yes;1,1
Вал;Assembly_16;Part_00069;1;Cutting;Ленточнопильный станок 2;0,96;16;2;yes;0,26
Вал;Assembly_16;Part_00069;2;Turning;Токарный станок 2;2,24;16;3;no;1,26
Вал;Assembly_16;Part_00069;3;Heat treatment;Печь термообработки 1;4,65;20;1;no;0,2
Вал;Assembly_16;Part_00069;4;Grinding;Шлифовальный станок 1;2,82;16;3;no;0,78
Вал;Assembly_16;Part_00069;5;Polishing;Полировальный станок 1;0,55;24;2;yes;1,29
Вал;Assembly_16;Part_00383;1;Casting;Литейная установка 1;3,68;;;;
Вал;Assembly_16;Part_00383;2;Milling;Фрезерный станок 1;5,14;16;1;no;1,44
Вал;Assembly_16;Part_00383;3;Drilling;Сверлильный станок 1;0,83;16;3;yes;1,1
Вал;Assembly_16;Part_00766;1;Cutting;Ленточнопильный станок 1;1,1;16;2;no;0,53
Вал;Assembly_16;Part_00766;2;Milling;Фрезерный станок 2;2,82;24;2;yes;0,67
Вал;Assembly_16;Part_00766;3;Heat treatment;Печь термообработки 1;3,14;20;1;no;0,2
Вал;Assembly_16;Part_00766;4;Grinding;Шлифовальный станок 1;2,25;16;3;no;0,78
Вал;Assembly_17;Part_00287;1;Cutting;Ленточнопильный станок 1;1,35;16;2;no;0,53
Вал;Assembly_17;Part_00287;2;Milling;Фрезерный станок 1;3,05;16;1;no;1,44
Вал;Assembly_17;Part_00287;3;Heat treatment;Печь термообработки 1;3,8;20;1;no;0,2
Вал;Assembly_17;Part_00287;4;Grinding;Шлифовальный станок 1;1,98;16;3;no;0,78
Вал;Assembly_17;Part_00532;1;Cutting;Ленточнопильный станок 2;1,04;16;2;yes;0,26
Вал;Assembly_17;Part_00532;2;Milling;Фрезерный станок 2;5,61;24;2;yes;0,67
Вал;Assembly_17;Part_00532;3;Drilling;Сверлильный станок 1;1,96;16;3;yes;1,1
Вал;Assembly_17;Part_00532;4;Grinding;Шлифовальный станок 1;2,41;16;3;no;0,78
Вал;Assembly_17;Part_00736;1;Casting;Литейная установка 1;3,18;;;;
Вал;Assembly_17;Part_00736;2;Milling;Фрезерный станок 2;2,2;24;2;yes;0,67
Вал;Assembly_17;Part_00736;3;Drilling;Сверлильный станок 1;0,8;16;3;yes;1,1
Вал;Assembly_17;Part_00794;1;Cutting;Ленточнопильный станок 1;1,15;16;2;no;0,53
Вал;Assembly_17;Part_00794;2;Turning;Токарный станок 1;4,31;20;2;yes;0,49
Вал;Assembly_17;Part_00794;3;Heat treatment;Печь термообработки 1;4,01;20;1;no;0,2
Вал;Assembly_17;Part_00794;4;Grinding;Шлифовальный станок 1;1,98;16;3;no;0,78
Вал;Assembly_17;Part_00794;5;Polishing;Полировальный станок 1;0,82;24;2;yes;1,29
Вал;Assembly_17;Part_01249;1;Casting;Литейная установка 1;3,03;;;;
Вал;Assembly_17;Part_01249;2;Milling;Фрезерный станок 2;5,95;24;2;yes;0,67
Вал;Assembly_17;Part_01249;3;Drilling;Сверлильный станок 1;1,02;16;3;yes;1,1
Вал;Assembly_18;Part_01085;1;Casting;Литейная установка 1;4,51;;;;
Вал;Assembly_18;Part_01085;2;Milling;Фрезерный станок 1;3,38;16;1;no;1,44
Вал;Assembly_18;Part_01085;3;Drilling;Сверлильный станок 1;1,39;16;3;yes;1,1
Вал;Assembly_19;Part_00190;1;Cutting;Ленточнопильный станок 1;0,7;16;2;no;0,53
Вал;Assembly_19;Part_00190;2;Milling;Фрезерный станок 1;2,89;16;1;no;1,44
Вал;Assembly_19;Part_00190;3;Drilling;Сверлильный станок 1;0,71;16;3;yes;1,1
Вал;Assembly_19;Part_00190;4;Grinding;Шлифовальный станок 1;1,15;16;3;no;0,78
Вал;Assembly_2;Part_00603;1;Cutting;Ленточнопильный станок 2;0,98;16;2;yes;0,26
Вал;Assembly_2;Part_00603;2;Milling;Фрезерный станок 1;3,6;16;1;no;1,44
Вал;Assembly_2;Part_00603;3;Heat treatment;Печь термообработки 1;6,55;20;1;no;0,2
Вал;Assembly_2;Part_00603;4;Grinding;Шлифовальный станок 1;1,99;16;3;no;0,78
Вал;Assembly_20;Part_00139;1;Cutting;Ленточнопильный станок 1;0,85;16;2;no;0,53
Вал;Assembly_20;Part_00139;2;Turning;Токарный станок 2;1,81;16;3;no;1,26
Вал;Assembly_20;Part_00139;3;Heat treatment;Печь термообработки 1;4,04;20;1;no;0,2
Вал;Assembly_20;Part_00139;4;Grinding;Шлифовальный станок 1;1,04;16;3;no;0,78
Вал;Assembly_20;Part_00139;5;Polishing;Полировальный станок 1;1,12;24;2;yes;1,29
Вал;Assembly_20;Part_00590;1;Cutting;Ленточнопильный станок 1;0,92;16;2;no;0,53
Вал;Assembly_20;Part_00590;2;Milling;Фрезерный станок 2;5,93;24;2;yes;0,67
Вал;Assembly_20;Part_00590;3;Heat treatment;Печь термообработки 1;3,87;20;1;no;0,2
Вал;Assembly_20;Part_00590;4;Grinding;Шлифовальный станок 1;2,62;16;3;no;0,78
Вал;Assembly_22;Part_00485;1;Casting;Литейная установка 1;2,59;;;;
Вал;Assembly_22;Part_00485;2;Milling;Фрезерный станок 1;5,42;16;1;no;1,44
Вал;Assembly_22;Part_00485;3;Drilling;Сверлильный станок 1;1,13;16;3;yes;1,1
Вал;Assembly_22;Part_01285;1;Casting;Литейная установка 1;3,18;;;;
Вал;Assembly_22;Part_01285;2;Milling;Фрезерный станок 1;5,33;16;1;no;1,44
Вал;Assembly_22;Part_01285;3;Drilling;Сверлильный станок 1;0,6;16;3;yes;1,1
Вал;Assembly_24;Part_00147;1;Cutting;Ленточнопильный станок 1;0,84;16;2;no;0,53
Вал;Assembly_24;Part_00147;2;Turning;Токарный станок 1;3,1;20;2;yes;0,49
Вал;Assembly_24;Part_00147;3;Heat treatment;Печь термообработки 1;7,46;20;1;no;0,2
Вал;Assembly_24;Part_00147;4;Grinding;Шлифовальный станок 1;1,94;16;3;no;0,78
Вал;Assembly_24;Part_00147;5;Polishing;Полировальный станок 1;1,49;24;2;yes;1,29
Вал;Assembly_26;Part_00035;1;Cutting;Ленточнопильный станок 1;0,77;16;2;no;0,53
Вал;Assembly_26;Part_00035;2;Milling;Фрезерный станок 1;4,92;16;1;no;1,44
Вал;Assembly_26;Part_00035;3;Drilling;Сверлильный станок 1;1,45;16;3;yes;1,1
Вал;Assembly_26;Part_00035;4;Grinding;Шлифовальный станок 1;2,5;16;3;no;0,78
Вал;Assembly_26;Part_00837;1;Forging;Кузнечный пресс 1;2,02;;;;
Вал;Assembly_26;Part_00837;2;Turning;Токарный станок 1;1,68;20;2;yes;0,49
Вал;Assembly_26;Part_00837;3;Grinding;Шлифовальный станок 1;1,63;16;3;no;0,78
Вал;Assembly_26;Part_01078;1;Cutting;Ленточнопильный станок 1;1,02;16;2;no;0,53
Вал;Assembly_26;Part_01078;2;Milling;Фрезерный станок 1;5,29;16;1;no;1,44
Вал;Assembly_26;Part_01078;3;Drilling;Сверлильный станок 1;1,47;16;3;yes;1,1
Вал;Assembly_26;Part_01078;4;Grinding;Шлифовальный станок 1;2,95;16;3;no;0,78
Вал;Assembly_27;Part_00511;1;Cutting;Ленточнопильный станок 1;0,92;16;2;no;0,53
Вал;Assembly_27;Part_00511;2;Turning;Токарный станок 2;1,65;16;3;no;1,26
Вал;Assembly_27;Part_00511;3;Heat treatment;Печь термообработки 1;7,09;20;1;no;0,2
Вал;Assembly_27;Part_00511;4;Grinding;Шлифовальный станок 1;1,2;16;3;no;0,78
Вал;Assembly_27;Part_00511;5;Polishing;Полировальный станок 1;0,65;24;2;yes;1,29
Вал;Assembly_28;Part_00382;1;Cutting;Ленточнопильный станок 2;0,56;16;2;yes;0,26
Вал;Assembly_28;Part_00382;2;Milling;Фрезерный станок 2;4,13;24;2;yes;0,67
Вал;Assembly_28;Part_00382;3;Heat treatment;Печь термообработки 1;3,31;20;1;no;0,2
Вал;Assembly_28;Part_00382;4;Grinding;Шлифовальный станок 1;1,38;16;3;no;0,78
Вал;Assembly_29;Part_01276;1;Cutting;Ленточнопильный станок 2;1,21;16;2;yes;0,26
Вал;Assembly_29;Part_01276;2;Turning;Токарный станок 1;2,37;20;2;yes;0,49
Вал;Assembly_29;Part_01276;3;Heat treatment;Печь термообработки 1;7,5;20;1;no;0,2
Вал;Assembly_29;Part_01276;4;Grinding;Шлифовальный станок 1;2,37;16;3;no;0,78
Вал;Assembly_29;Part_01276;5;Polishing;Полировальный станок 1;1,39;24;2;yes;1,29
Вал;Assembly_34;Part_00731;1;Cutting;Ленточнопильный станок 1;0,57;16;2;no;0,53
Вал;Assembly_34;Part_00731;2;Turning;Токарный станок 2;2,22;16;3;no;1,26
Вал;Assembly_34;Part_00731;3;Heat treatment;Печь термообработки 1;4,75;20;1;no;0,2
Вал;Assembly_34;Part_00731;4;Grinding;Шлифовальный станок 1;1,27;16;3;no;0,78
Вал;Assembly_34;Part_00731;5;Polishing;Полировальный станок 1;0,85;24;2;yes;1,29
Вал;Assembly_34;Part_01146;1;Cutting;Ленточнопильный станок 2;1,42;16;2;yes;0,26
Вал;Assembly_34;Part_01146;2;Milling;Фрезерный станок 1;5,47;16;1;no;1,44
Вал;Assembly_34;Part_01146;3;Drilling;Сверлильный станок 1;0,66;16;3;yes;1,1
Вал;Assembly_34;Part_01146;4;Grinding;Шлифовальный станок 1;2,41;16;3;no;0,78
Вал;Assembly_36;Part_00177;1;Cutting;Ленточнопильный станок 2;0,54;16;2;yes;0,26
Вал;Assembly_36;Part_00177;2;Milling;Фрезерный станок 2;3,63;24;2;yes;0,67
Вал;Assembly_36;Part_00177;3;Drilling;Сверлильный станок 1;1,34;16;3;yes;1,1
Вал;Assembly_36;Part_00177;4;Grinding;Шлифовальный станок 1;2,52;16;3;no;0,78
Вал;Assembly_36;Part_00559;1;Cutting;Ленточнопильный станок 1;0,99;16;2;no;0,53
Вал;Assembly_36;Part_00559;2;Milling;Фрезерный станок 1;4,74;16;1;no;1,44
Вал;Assembly_36;Part_00559;3;Heat treatment;Печь термообработки 1;4,92;20;1;no;0,2
Вал;Assembly_36;Part_00559;4;Grinding;Шлифовальный станок 1;2,34;16;3;no;0,78
Вал;Assembly_38;Part_00419;1;Cutting;Ленточнопильный станок 2;1,42;16;2;yes;0,26
Вал;Assembly_38;Part_00419;2;Turning;Токарный станок 1;4,78;20;2;yes;0,49
Вал;Assembly_38;Part_00419;3;Heat treatment;Печь термообработки 1;5,84;20;1;no;0,2
Вал;Assembly_38;Part_00419;4;Grinding;Шлифовальный станок 1;1,54;16;3;no;0,78
Вал;Assembly_38;Part_00419;5;Polishing;Полировальный станок 1;0,58;24;2;yes;1,29
Вал;Assembly_39;Part_00170;1;Forging;Кузнечный пресс 1;3,24;;;;
Вал;Assembly_39;Part_00170;2;Turning;Токарный станок 1;2,35;20;2;yes;0,49
Вал;Assembly_39;Part_00170;3;Grinding;Шлифовальный станок 1;1,76;16;3;no;0,78
Вал;Assembly_40;Part_00319;1;Forging;Кузнечный пресс 1;3,76;;;;
Вал;Assembly_40;Part_00319;2;Turning;Токарный станок 2;4,01;16;3;no;1,26
Вал;Assembly_40;Part_00319;3;Grinding;Шлифовальный станок 1;2,19;16;3;no;0,78
Вал;Assembly_40;Part_00658;1;Forging;Кузнечный пресс 1;2,43;;;;
Вал;Assembly_40;Part_00658;2;Turning;Токарный станок 1;3,44;20;2;yes;0,49
Вал;Assembly_40;Part_00658;3;Grinding;Шлифовальный станок 1;1,26;16;3;no;0,78
Вал;Assembly_41;Part_00258;1;Cutting;Ленточнопильный станок 1;0,81;16;2;no;0,53
Вал;Assembly_41;Part_00258;2;Turning;Токарный станок 2;4,41;16;3;no;1,26
Вал;Assembly_41;Part_00258;3;Heat treatment;Печь термообработки 1;6,57;20;1;no;0,2
Вал;Assembly_41;Part_00258;4;Grinding;Шлифовальный станок 1;2,31;16;3;no;0,78
Вал;Assembly_41;Part_00258;5;Polishing;Полировальный станок 1;1,37;24;2;yes;1,29
Вал;Assembly_41;Part_00772;1;Forging;Кузнечный пресс 1;3,21;;;;
Вал;Assembly_41;Part_00772;2;Turning;Токарный станок 2;3,33;16;3;no;1,26
Вал;Assembly_41;Part_00772;3;Grinding;Шлифовальный станок 1;2,61;16;3;no;0,78
Вал;Assembly_41;Part_00888;1;Cutting;Ленточнопильный станок 1;1,48;16;2;no;0,53
Вал;Assembly_41;Part_00888;2;Turning;Токарный станок 1;3,22;20;2;yes;0,49
Вал;Assembly_41;Part_00888;3;Heat treatment;Печь термообработки 1;4,01;20;1;no;0,2
Вал;Assembly_41;Part_00888;4;Grinding;Шлифовальный станок 1;2,84;16;3;no;0,78
Вал;Assembly_41;Part_00888;5;Polishing;Полировальный станок 1;0,95;24;2;yes;1,29
Вал;Assembly_42;Part_01071;1;Cutting;Ленточнопильный станок 1;0,71;16;2;no;0,53
Вал;Assembly_42;Part_01071;2;Turning;Токарный станок 1;2,61;20;2;yes;0,49
Вал;Assembly_42;Part_01071;3;Heat treatment;Печь термообработки 1;6,3;20;1;no;0,2
Вал;Assembly_42;Part_01071;4;Grinding;Шлифовальный станок 1;1,96;16;3;no;0,78
Вал;Assembly_42;Part_01071;5;Polishing;Полировальный станок 1;0,74;24;2;yes;1,29
Вал;Assembly_43;Part_00229;1;Cutting;Ленточнопильный станок 2;0,96;16;2;yes;0,26
Вал;Assembly_43;Part_00229;2;Milling;Фрезерный станок 2;4,27;24;2;yes;0,67
Вал;Assembly_43;Part_00229;3;Drilling;Сверлильный станок 1;0,76;16;3;yes;1,1
Вал;Assembly_43;Part_00229;4;Grinding;Шлифовальный станок 1;1,09;16;3;no;0,78
Вал;Assembly_43;Part_01098;1;Cutting;Ленточнопильный станок 2;1,12;16;2;yes;0,26
Вал;Assembly_43;Part_01098;2;Milling;Фрезерный станок 2;3,72;24;2;yes;0,67
Вал;Assembly_43;Part_01098;3;Drilling;Сверлильный станок 1;1,84;16;3;yes;1,1
Вал;Assembly_43;Part_01098;4;Grinding;Шлифовальный станок 1;1,87;16;3;no;0,78
Вал;Assembly_43;Part_01266;1;Forging;Кузнечный пресс 1;2,01;;;;
Вал;Assembly_43;Part_01266;2;Turning;Токарный станок 2;4,23;16;3;no;1,26
Вал;Assembly_43;Part_01266;3;Grinding;Шлифовальный станок 1;2,58;16;3;no;0,78
Вал;Assembly_44;Part_00782;1;Cutting;Ленточнопильный станок 1;1,45;16;2;no;0,53
Вал;Assembly_44;Part_00782;2;Turning;Токарный станок 2;4,25;16;3;no;1,26
Вал;Assembly_44;Part_00782;3;Heat treatment;Печь термообработки 1;4,66;20;1;no;0,2
Вал;Assembly_44;Part_00782;4;Grinding;Шлифовальный станок 1;1,58;16;3;no;0,78
Вал;Assembly_44;Part_00782;5;Polishing;Полировальный станок 1;0,53;24;2;yes;1,29
Вал;Assembly_45;Part_00202;1;Forging;Кузнечный пресс 1;3,7;;;;
Вал;Assembly_45;Part_00202;2;Turning;Токарный станок 2;4,15;16;3;no;1,26
Вал;Assembly_45;Part_00202;3;Grinding;Шлифовальный станок 1;1,39;16;3;no;0,78
Вал;Assembly_45;Part_00592;1;Forging;Кузнечный пресс 1;2,19;;;;
Вал;Assembly_45;Part_00592;2;Turning;Токарный станок 2;2,35;16;3;no;1,26
Вал;Assembly_45;Part_00592;3;Grinding;Шлифовальный станок 1;1,73;16;3;no;0,78
Вал;Assembly_45;Part_00913;1;Casting;Литейная установка 1;3,2;;;;
Вал;Assembly_45;Part_00913;2;Milling;Фрезерный станок 2;5,23;24;2;yes;0,67
Вал;Assembly_45;Part_00913;3;Drilling;Сверлильный станок 1;1,33;16;3;yes;1,1
Вал;Assembly_49;Part_00004;1;Cutting;Ленточнопильный станок 2;1,44;16;2;yes;0,26
Вал;Assembly_49;Part_00004;2;Milling;Фрезерный станок 1;3,38;16;1;no;1,44
Вал;Assembly_49;Part_00004;3;Heat treatment;Печь термообработки 1;6,8;20;1;no;0,2
Вал;Assembly_49;Part_00004;4;Grinding;Шлифовальный станок 1;2,85;16;3;no;0,78
Вал;Assembly_49;Part_00487;1;Cutting;Ленточнопильный станок 1;0,99;16;2;no;0,53
Вал;Assembly_49;Part_00487;2;Milling;Фрезерный станок 2;5,09;24;2;yes;0,67
Вал;Assembly_49;Part_00487;3;Heat treatment;Печь термообработки 1;4,26;20;1;no;0,2
Вал;Assembly_49;Part_00487;4;Grinding;Шлифовальный станок 1;2,06;16;3;no;0,78
Вал;Assembly_5;Part_00183;1;Cutting;Ленточнопильный станок 2;1,39;16;2;yes;0,26
Вал;Assembly_5;Part_00183;2;Milling;Фрезерный станок 2;5,68;24;2;yes;0,67
Вал;Assembly_5;Part_00183;3;Drilling;Сверлильный станок 1;1,63;16;3;yes;1,1
Вал;Assembly_5;Part_00183;4;Grinding;Шлифовальный станок 1;1,82;16;3;no;0,78
Вал;Assembly_5;Part_00753;1;Casting;Литейная установка 1;3,84;;;;
Вал;Assembly_5;Part_00753;2;Milling;Фрезерный станок 2;3,58;24;2;yes;0,67
Вал;Assembly_5;Part_00753;3;Drilling;Сверлильный станок 1;1,63;16;3;yes;1,1
Вал;Assembly_50;Part_00642;1;Casting;Литейная установка 1;4,93;;;;
Вал;Assembly_50;Part_00642;2;Milling;Фрезерный станок 2;3,06;24;2;yes;0,67
Вал;Assembly_50;Part_00642;3;Drilling;Сверлильный станок 1;0,84;16;3;yes;1,1
Вал;Assembly_52;Part_00514;1;Casting;Литейная установка 1;4,48;;;;
Вал;Assembly_52;Part_00514;2;Milling;Фрезерный станок 2;4,87;24;2;yes;0,67
Вал;Assembly_52;Part_00514;3;Drilling;Сверлильный станок 1;1,04;16;3;yes;1,1
Вал;Assembly_55;Part_00496;1;Casting;Литейная установка 1;4,89;;;;
Вал;Assembly_55;Part_00496;2;Milling;Фрезерный станок 2;3,47;24;2;yes;0,67
Вал;Assembly_55;Part_00496;3;Drilling;Сверлильный станок 1;1,55;16;3;yes;1,1
Вал;Assembly_59;Part_01068;1;Casting;Литейная установка 1;3,22;;;;
Вал;Assembly_59;Part_01068;2;Milling;Фрезерный станок 2;5,94;24;2;yes;0,67
Вал;Assembly_59;Part_01068;3;Drilling;Сверлильный станок 1;0,89;16;3;yes;1,1
Вал;Assembly_59;Part_01214;1;Cutting;Ленточнопильный станок 2;1,13;16;2;yes;0,26
Вал;Assembly_59;Part_01214;2;Milling;Фрезерный станок 2;3,39;24;2;yes;0,67
Вал;Assembly_59;Part_01214;3;Drilling;Сверлильный станок 1;1,26;16;3;yes;1,1
Вал;Assembly_59;Part_01214;4;Grinding;Шлифовальный станок 1;1,35;16;3;no;0,78
Вал;Assembly_59;Part_01225;1;Cutting;Ленточнопильный станок 2;1,2;16;2;yes;0,26
Вал;Assembly_59;Part_01225;2;Milling;Фрезерный станок 1;3,37;16;1;no;1,44
Вал;Assembly_59;Part_01225;3;Drilling;Сверлильный станок 1;1,68;16;3;yes;1,1
Вал;Assembly_59;Part_01225;4;Grinding;Шлифовальный станок 1;1,35;16;3;no;0,78
Вал;Assembly_6;Part_00519;1;Cutting;Ленточнопильный станок 2;1,18;16;2;yes;0,26
Вал;Assembly_6;Part_00519;2;Milling;Фрезерный станок 1;3,97;16;1;no;1,44
Вал;Assembly_6;Part_00519;3;Drilling;Сверлильный станок 1;1,79;16;3;yes;1,1
Вал;Assembly_6;Part_00519;4;Grinding;Шлифовальный станок 1;1,69;16;3;no;0,78
Вал;Assembly_6;Part_00690;1;Cutting;Ленточнопильный станок 1;0,67;16;2;no;0,53
Вал;Assembly_6;Part_00690;2;Turning;Токарный станок 2;1,82;16;3;no;1,26
Вал;Assembly_6;Part_00690;3;Heat treatment;Печь термообработки 1;3,65;20;1;no;0,2
Вал;Assembly_6;Part_00690;4;Grinding;Шлифовальный станок 1;1,9;16;3;no;0,78
Вал;Assembly_6;Part_00690;5;Polishing;Полировальный станок 1;1,47;24;2;yes;1,29
Вал;Assembly_6;Part_00739;1;Forging;Кузнечный пресс 1;3,91;;;;
Вал;Assembly_6;Part_00739;2;Turning;Токарный станок 1;3,08;20;2;yes;0,49
Вал;Assembly_6;Part_00739;3;Grinding;Шлифовальный станок 1;1,33;16;3;no;0,78
Вал;Assembly_60;Part_00682;1;Forging;Кузнечный пресс 1;2,83;;;;
Вал;Assembly_60;Part_00682;2;Turning;Токарный станок 1;4,7;20;2;yes;0,49
Вал;Assembly_60;Part_00682;3;Grinding;Шлифовальный станок 1;2,88;16;3;no;0,78
Вал;Assembly_7;Part_00122;1;Cutting;Ленточнопильный станок 2;1,37;16;2;yes;0,26
Вал;Assembly_7;Part_00122;2;Milling;Фрезерный станок 1;5,11;16;1;no;1,44
Вал;Assembly_7;Part_00122;3;Heat treatment;Печь термообработки 1;5,11;20;1;no;0,2
Вал;Assembly_7;Part_00122;4;Grinding;Шлифовальный станок 1;1,51;16;3;no;0,78
Вал;Assembly_8;Part_00158;1;Cutting;Ленточнопильный станок 1;1,47;16;2;no;0,53
Вал;Assembly_8;Part_00158;2;Turning;Токарный станок 1;4,03;20;2;yes;0,49
Вал;Assembly_8;Part_00158;3;Heat treatment;Печь термообработки 1;3,98;20;1;no;0,2
Вал;Assembly_8;Part_00158;4;Grinding;Шлифовальный станок 1;1,72;16;3;no;0,78
Вал;Assembly_8;Part_00158;5;Polishing;Полировальный станок 1;0,83;24;2;yes;1,29
Вал;Assembly_8;Part_00710;1;Cutting;Ленточнопильный станок 2;1,17;16;2;yes;0,26
Вал;Assembly_8;Part_00710;2;Milling;Фрезерный станок 1;4,33;16;1;no;1,44
Вал;Assembly_8;Part_00710;3;Drilling;Сверлильный станок 1;1,92;16;3;yes;1,1
Вал;Assembly_8;Part_00710;4;Grinding;Шлифовальный станок 1;1,48;16;3;no;0,78
Втулка;Assembly_1;Part_00175;1;Cutting;Ленточнопильный станок 1;0,92;16;2;no;0,53
Втулка;Assembly_1;Part_00175;2;Milling;Фрезерный станок 1;2,26;16;1;no;1,44
Втулка;Assembly_1;Part_00175;3;Drilling;Сверлильный станок 1;0,55;16;3;yes;1,1
Втулка;Assembly_1;Part_00175;4;Grinding;Шлифовальный станок 1;1,67;16;3;no;0,78
Втулка;Assembly_1;Part_00405;1;Casting;Литейная установка 1;3,42;;;;
Втулка;Assembly_1;Part_00405;2;Milling;Фрезерный станок 2;3,73;24;2;yes;0,67
Втулка;Assembly_1;Part_00405;3;Drilling;Сверлильный станок 1;1,12;16;3;yes;1,1
Втулка;Assembly_1;Part_00821;1;Cutting;Ленточнопильный станок 1;1,41;16;2;no;0,53
Втулка;Assembly_1;Part_00821;2;Turning;Токарный станок 1;2,98;20;2;yes;0,49
Втулка;Assembly_1;Part_00821;3;Heat treatment;Печь термообработки 1;7,87;20;1;no;0,2
Втулка;Assembly_1;Part_00821;4;Grinding;Шлифовальный станок 1;2,02;16;3;no;0,78
Втулка;Assembly_1;Part_00821;5;Polishing;Полировальный станок 1;0,53;24;2;yes;1,29
Втулка;Assembly_10;Part_00552;1;Casting;Литейная установка 1;4,74;;;;
Втулка;Assembly_10;Part_00552;2;Milling;Фрезерный станок 2;5,02;24;2;yes;0,67
Втулка;Assembly_10;Part_00552;3;Drilling;Сверлильный станок 1;1,83;16;3;yes;1,1
Втулка;Assembly_11;Part_01067;1;Cutting;Ленточнопильный станок 1;1,32;16;2;no;0,53
Втулка;Assembly_11;Part_01067;2;Milling;Фрезерный станок 1;4,35;16;1;no;1,44
Втулка;Assembly_11;Part_01067;3;Drilling;Сверлильный станок 1;1,76;16;3;yes;1,1
Втулка;Assembly_11;Part_01067;4;Grinding;Шлифовальный станок 1;1,02;16;3;no;0,78
Втулка;Assembly_13;Part_00784;1;Cutting;Ленточнопильный станок 2;1,06;16;2;yes;0,26
Втулка;Assembly_13;Part_00784;2;Milling;Фрезерный станок 2;5,4;24;2;yes;0,67
Втулка;Assembly_13;Part_00784;3;Drilling;Сверлильный станок 1;0,59;16;3;yes;1,1
Втулка;Assembly_13;Part_00784;4;Grinding;Шлифовальный станок 1;1,39;16;3;no;0,78
Втулка;Assembly_13;Part_01252;1;Forging;Кузнечный пресс 1;2,16;;;;
Втулка;Assembly_13;Part_01252;2;Turning;Токарный станок 1;4,78;20;2;yes;0,49
Втулка;Assembly_13;Part_01252;3;Grinding;Шлифовальный станок 1;1,72;16;3;no;0,78
Втулка;Assembly_15;Part_01097;1;Forging;Кузнечный пресс 1;2,32;;;;
Втулка;Assembly_15;Part_01097;2;Turning;Токарный станок 1;4,54;20;2;yes;0,49
Втулка;Assembly_15;Part_01097;3;Grinding;Шлифовальный станок 1;1,91;16;3;no;0,78
Втулка;Assembly_16;Part_00996;1;Cutting;Ленточнопильный станок 2;0,93;16;2;yes;0,26
Втулка;Assembly_16;Part_00996;2;Milling;Фрезерный станок 1;3,41;16;1;no;1,44
Втулка;Assembly_16;Part_00996;3;Heat treatment;Печь термообработки 1;3,62;20;1;no;0,2
Втулка;Assembly_16;Part_00996;4;Grinding;Шлифовальный станок 1;2,89;16;3;no;0,78
Втулка;Assembly_18;Part_00024;1;Cutting;Ленточнопильный станок 2;1,1;16;2;yes;0,26
Втулка;Assembly_18;Part_00024;2;Milling;Фрезерный станок 2;3,47;24;2;yes;0,67
Втулка;Assembly_18;Part_00024;3;Heat treatment;Печь термообработки 1;3,57;20;1;no;0,2
Втулка;Assembly_18;Part_00024;4;Grinding;Шлифовальный станок 1;2,73;16;3;no;0,78
Втулка;Assembly_18;Part_00198;1;Cutting;Ленточнопильный станок 2;1,27;16;2;yes;0,26
Втулка;Assembly_18;Part_00198;2;Milling;Фрезерный станок 2;4,3;24;2;yes;0,67
Втулка;Assembly_18;Part_00198;3;Heat treatment;Печь термообработки 1;6,38;20;1;no;0,2
Втулка;Assembly_18;Part_00198;4;Grinding;Шлифовальный станок 1;1,29;16;3;no;0,78
Втулка;Assembly_20;Part_00614;1;Forging;Кузнечный пресс 1;3,43;;;;
Втулка;Assembly_20;Part_00614;2;Turning;Токарный станок 1;2,12;20;2;yes;0,49
Втулка;Assembly_20;Part_00614;3;Grinding;Шлифовальный станок 1;1,38;16;3;no;0,78
Втулка;Assembly_21;Part_00437;1;Cutting;Ленточнопильный станок 1;0,66;16;2;no;0,53
Втулка;Assembly_21;Part_00437;2;Milling;Фрезерный станок 2;4,08;24;2;yes;0,67
Втулка;Assembly_21;Part_00437;3;Drilling;Сверлильный станок 1;0,62;16;3;yes;1,1
Втулка;Assembly_21;Part_00437;4;Grinding;Шлифовальный станок 1;2,82;16;3;no;0,78
Втулка;Assembly_21;Part_00788;1;Cutting;Ленточнопильный станок 2;0,94;16;2;yes;0,26
Втулка;Assembly_21;Part_00788;2;Turning;Токарный станок 1;2,55;20;2;yes;0,49
Втулка;Assembly_21;Part_00788;3;Heat treatment;Печь термообработки 1;3,35;20;1;no;0,2
Втулка;Assembly_21;Part_00788;4;Grinding;Шлифовальный станок 1;1,65;16;3;no;0,78
Втулка;Assembly_21;Part_00788;5;Polishing;Полировальный станок 1;0,98;24;2;yes;1,29
Втулка;Assembly_21;Part_01195;1;Cutting;Ленточнопильный станок 1;0,55;16;2;no;0,53
Втулка;Assembly_21;Part_01195;2;Milling;Фрезерный станок 1;4,63;16;1;no;1,44
Втулка;Assembly_21;Part_01195;3;Heat treatment;Печь термообработки 1;3,89;20;1;no;0,2
Втулка;Assembly_21;Part_01195;4;Grinding;Шлифовальный станок 1;1,06;16;3;no;0,78
Втулка;Assembly_23;Part_00832;1;Casting;Литейная установка 1;4,7;;;;
Втулка;Assembly_23;Part_00832;2;Milling;Фрезерный станок 2;5,14;24;2;yes;0,67
Втулка;Assembly_23;Part_00832;3;Drilling;Сверлильный станок 1;1,2;16;3;yes;1,1
Втулка;Assembly_24;Part_00225;1;Cutting;Ленточнопильный станок 1;0,78;16;2;no;0,53
Втулка;Assembly_24;Part_00225;2;Turning;Токарный станок 2;4,94;16;3;no;1,26
Втулка;Assembly_24;Part_00225;3;Heat treatment;Печь термообработки 1;5,38;20;1;no;0,2
Втулка;Assembly_24;Part_00225;4;Grinding;Шлифовальный станок 1;2,77;16;3;no;0,78
Втулка;Assembly_24;Part_00225;5;Polishing;Полировальный станок 1;0,71;24;2;yes;1,29
Втулка;Assembly_25;Part_00686;1;Cutting;Ленточнопильный станок 2;1,32;16;2;yes;0,26
Втулка;Assembly_25;Part_00686;2;Milling;Фрезерный станок 1;3,05;16;1;no;1,44
Втулка;Assembly_25;Part_00686;3;Drilling;Сверлильный станок 1;0,57;16;3;yes;1,1
Втулка;Assembly_25;Part_00686;4;Grinding;Шлифовальный станок 1;1,43;16;3;no;0,78
Втулка;Assembly_25;Part_00863;1;Casting;Литейная установка 1;4,9;;;;
Втулка;Assembly_25;Part_00863;2;Milling;Фрезерный станок 1;2,62;16;1;no;1,44
Втулка;Assembly_25;Part_00863;3;Drilling;Сверлильный станок 1;1,96;16;3;yes;1,1
Втулка;Assembly_26;Part_00260;1;Forging;Кузнечный пресс 1;3,4;;;;
Втулка;Assembly_26;Part_00260;2;Turning;Токарный станок 2;4,2;16;3;no;1,26
Втулка;Assembly_26;Part_00260;3;Grinding;Шлифовальный станок 1;2,02;16;3;no;0,78
Втулка;Assembly_26;Part_00282;1;Cutting;Ленточнопильный станок 1;1,49;16;2;no;0,53
Втулка;Assembly_26;Part_00282;2;Milling;Фрезерный станок 1;2,33;16;1;no;1,44
Втулка;Assembly_26;Part_00282;3;Heat treatment;Печь термообработки 1;3,87;20;1;no;0,2
Втулка;Assembly_26;Part_00282;4;Grinding;Шлифовальный станок 1;1,91;16;3;no;0,78
Втулка;Assembly_27;Part_00555;1;Forging;Кузнечный пресс 1;2,26;;;;
Втулка;Assembly_27;Part_00555;2;Turning;Токарный станок 1;3,11;20;2;yes;0,49
Втулка;Assembly_27;Part_00555;3;Grinding;Шлифовальный станок 1;2,47;16;3;no;0,78
Втулка;Assembly_27;Part_01019;1;Forging;Кузнечный пресс 1;2,14;;;;
Втулка;Assembly_27;Part_01019;2;Turning;Токарный станок 2;2,57;16;3;no;1,26
Втулка;Assembly_27;Part_01019;3;Grinding;Шлифовальный станок 1;1,7;16;3;no;0,78
Втулка;Assembly_28;Part_00537;1;Cutting;Ленточнопильный станок 2;1,41;16;2;yes;0,26
Втулка;Assembly_28;Part_00537;2;Milling;Фрезерный станок 2;5,19;24;2;yes;0,67
Втулка;Assembly_28;Part_00537;3;Drilling;Сверлильный станок 1;0,66;16;3;yes;1,1
Втулка;Assembly_28;Part_00537;4;Grinding;Шлифовальный станок 1;1,28;16;3;no;0,78
Втулка;Assembly_28;Part_01267;1;Cutting;Ленточнопильный станок 2;0,74;16;2;yes;0,26
Втулка;Assembly_28;Part_01267;2;Milling;Фрезерный станок 2;3,4;24;2;yes;0,67
Втулка;Assembly_28;Part_01267;3;Drilling;Сверлильный станок 1;0,94;16;3;yes;1,1
Втулка;Assembly_28;Part_01267;4;Grinding;Шлифовальный станок 1;1,54;16;3;no;0,78
Втулка;Assembly_28;Part_01316;1;Forging;Кузнечный пресс 1;2,52;;;;
Втулка;Assembly_28;Part_01316;2;Turning;Токарный станок 1;2,14;20;2;yes;0,49
Втулка;Assembly_28;Part_01316;3;Grinding;Шлифовальный станок 1;1,17;16;3;no;0,78
Втулка;Assembly_30;Part_00480;1;Forging;Кузнечный пресс 1;3,55;;;;
Втулка;Assembly_30;Part_00480;2;Turning;Токарный станок 1;3,02;20;2;yes;0,49
Втулка;Assembly_30;Part_00480;3;Grinding;Шлифовальный станок 1;1,31;16;3;no;0,78
Втулка;Assembly_31;Part_01135;1;Casting;Литейная установка 1;4,73;;;;
Втулка;Assembly_31;Part_01135;2;Milling;Фрезерный станок 2;5,68;24;2;yes;0,67
Втулка;Assembly_31;Part_01135;3;Drilling;Сверлильный станок 1;1,06;16;3;yes;1,1
Втулка;Assembly_33;Part_00336;1;Casting;Литейная установка 1;4,46;;;;
Втулка;Assembly_33;Part_00336;2;Milling;Фрезерный станок 1;4,68;16;1;no;1,44
Втулка;Assembly_33;Part_00336;3;Drilling;Сверлильный станок 1;1,84;16;3;yes;1,1
Втулка;Assembly_34;Part_00250;1;Forging;Кузнечный пресс 1;2,2;;;;
Втулка;Assembly_34;Part_00250;2;Turning;Токарный станок 1;3,22;20;2;yes;0,49
Втулка;Assembly_34;Part_00250;3;Grinding;Шлифовальный станок 1;1,36;16;3;no;0,78
Втулка;Assembly_34;Part_00422;1;Cutting;Ленточнопильный станок 1;0,64;16;2;no;0,53
Втулка;Assembly_34;Part_00422;2;Milling;Фрезерный станок 1;4,87;16;1;no;1,44
Втулка;Assembly_34;Part_00422;3;Heat treatment;Печь термообработки 1;4,14;20;1;no;0,2
Втулка;Assembly_34;Part_00422;4;Grinding;Шлифовальный станок 1;2,66;16;3;no;0,78
Втулка;Assembly_34;Part_00818;1;Cutting;Ленточнопильный станок 2;1,44;16;2;yes;0,26
Втулка;Assembly_34;Part_00818;2;Milling;Фрезерный станок 2;2,46;24;2;yes;0,67
Втулка;Assembly_34;Part_00818;3;Drilling;Сверлильный станок 1;0,53;16;3;yes;1,1
Втулка;Assembly_34;Part_00818;4;Grinding;Шлифовальный станок 1;2,58;16;3;no;0,78
Втулка;Assembly_37;Part_00748;1;Casting;Литейная установка 1;2,04;;;;
Втулка;Assembly_37;Part_00748;2;Milling;Фрезерный станок 1;5,76;16;1;no;1,44
Втулка;Assembly_37;Part_00748;3;Drilling;Сверлильный станок 1;1,31;16;3;yes;1,1
Втулка;Assembly_37;Part_01149;1;Casting;Литейная установка 1;2,62;;;;
Втулка;Assembly_37;Part_01149;2;Milling;Фрезерный станок 2;5,11;24;2;yes;0,67
Втулка;Assembly_37;Part_01149;3;Drilling;Сверлильный станок 1;1,72;16;3;yes;1,1
Втулка;Assembly_39;Part_00809;1;Cutting;Ленточнопильный станок 2;1,14;16;2;yes;0,26
Втулка;Assembly_39;Part_00809;2;Milling;Фрезерный станок 1;5,8;16;1;no;1,44
Втулка;Assembly_39;Part_00809;3;Heat treatment;Печь термообработки 1;5,76;20;1;no;0,2
Втулка;Assembly_39;Part_00809;4;Grinding;Шлифовальный станок 1;2,76;16;3;no;0,78
Втулка;Assembly_40;Part_00989;1;Cutting;Ленточнопильный станок 2;0,57;16;2;yes;0,26
Втулка;Assembly_40;Part_00989;2;Milling;Фрезерный станок 2;3,51;24;2;yes;0,67
Втулка;Assembly_40;Part_00989;3;Heat treatment;Печь термообработки 1;3,47;20;1;no;0,2
Втулка;Assembly_40;Part_00989;4;Grinding;Шлифовальный станок 1;1,6;16;3;no;0,78
Втулка;Assembly_42;Part_00322;1;Forging;Кузнечный пресс 1;3,94;;;;
Втулка;Assembly_42;Part_00322;2;Turning;Токарный станок 1;4,51;20;2;yes;0,49
Втулка;Assembly_42;Part_00322;3;Grinding;Шлифовальный станок 1;2,58;16;3;no;0,78
Втулка;Assembly_42;Part_01125;1;Cutting;Ленточнопильный станок 1;1,41;16;2;no;0,53
Втулка;Assembly_42;Part_01125;2;Milling;Фрезерный станок 1;4,74;16;1;no;1,44
Втулка;Assembly_42;Part_01125;3;Drilling;Сверлильный станок 1;1,84;16;3;yes;1,1
Втулка;Assembly_42;Part_01125;4;Grinding;Шлифовальный станок 1;1,11;16;3;no;0,78
Втулка;Assembly_43;Part_00669;1;Cutting;Ленточнопильный станок 1;1,17;16;2;no;0,53
Втулка;Assembly_43;Part_00669;2;Turning;Токарный станок 1;1,81;20;2;yes;0,49
Втулка;Assembly_43;Part_00669;3;Heat treatment;Печь термообработки 1;7,27;20;1;no;0,2
Втулка;Assembly_43;Part_00669;4;Grinding;Шлифовальный станок 1;2,57;16;3;no;0,78
Втулка;Assembly_43;Part_00669;5;Polishing;Полировальный станок 1;1,32;24;2;yes;1,29
Втулка;Assembly_44;Part_00760;1;Cutting;Ленточнопильный станок 2;0,81;16;2;yes;0,26
Втулка;Assembly_44;Part_00760;2;Turning;Токарный станок 2;4,2;16;3;no;1,26
Втулка;Assembly_44;Part_00760;3;Heat treatment;Печь термообработки 1;4,89;20;1;no;0,2
Втулка;Assembly_44;Part_00760;4;Grinding;Шлифовальный станок 1;1,08;16;3;no;0,78
Втулка;Assembly_44;Part_00760;5;Polishing;Полировальный станок 1;0,87;24;2;yes;1,29
Втулка;Assembly_46;Part_00426;1;Cutting;Ленточнопильный станок 2;0,69;16;2;yes;0,26
Втулка;Assembly_46;Part_00426;2;Turning;Токарный станок 2;3,81;16;3;no;1,26
Втулка;Assembly_46;Part_00426;3;Heat treatment;Печь термообработки 1;7,88;20;1;no;0,2
Втулка;Assembly_46;Part_00426;4;Grinding;Шлифовальный станок 1;2,98;16;3;no;0,78
Втулка;Assembly_46;Part_00426;5;Polishing;Полировальный станок 1;1,1;24;2;yes;1,29
Втулка;Assembly_47;Part_01091;1;Forging;Кузнечный пресс 1;2,56;;;;
Втулка;Assembly_47;Part_01091;2;Turning;Токарный станок 1;4,88;20;2;yes;0,49
Втулка;Assembly_47;Part_01091;3;Grinding;Шлифовальный станок 1;1,67;16;3;no;0,78
Втулка;Assembly_49;Part_00604;1;Cutting;Ленточнопильный станок 2;0,61;16;2;yes;0,26
Втулка;Assembly_49;Part_00604;2;Milling;Фрезерный станок 1;5,05;16;1;no;1,44
Втулка;Assembly_49;Part_00604;3;Heat treatment;Печь термообработки 1;6,18;20;1;no;0,2
Втулка;Assembly_49;Part_00604;4;Grinding;Шлифовальный станок 1;1,02;16;3;no;0,78
Втулка;Assembly_51;Part_00104;1;Cutting;Ленточнопильный станок 2;1,36;16;2;yes;0,26
Втулка;Assembly_51;Part_00104;2;Milling;Фрезерный станок 1;2,03;16;1;no;1,44
Втулка;Assembly_51;Part_00104;3;Heat treatment;Печь термообработки 1;7,63;20;1;no;0,2
Втулка;Assembly_51;Part_00104;4;Grinding;Шлифовальный станок 1;1,11;16;3;no;0,78
Втулка;Assembly_51;Part_00219;1;Forging;Кузнечный пресс 1;3,81;;;;
Втулка;Assembly_51;Part_00219;2;Turning;Токарный станок 2;2,89;16;3;no;1,26
Втулка;Assembly_51;Part_00219;3;Grinding;Шлифовальный станок 1;2,34;16;3;no;0,78
Втулка;Assembly_51;Part_00629;1;Forging;Кузнечный пресс 1;3,92;;;;
Втулка;Assembly_51;Part_00629;2;Turning;Токарный станок 1;1,53;20;2;yes;0,49
Втулка;Assembly_51;Part_00629;3;Grinding;Шлифовальный станок 1;2,1;16;3;no;0,78
Втулка;Assembly_53;Part_00706;1;Cutting;Ленточнопильный станок 1;0,87;16;2;no;0,53
Втулка;Assembly_53;Part_00706;2;Turning;Токарный станок 1;4,05;20;2;yes;0,49
Втулка;Assembly_53;Part_00706;3;Heat treatment;Печь термообработки 1;4,57;20;1;no;0,2
Втулка;Assembly_53;Part_00706;4;Grinding;Шлифовальный станок 1;2,84;16;3;no;0,78
Втулка;Assembly_53;Part_00706;5;Polishing;Полировальный станок 1;0,52;24;2;yes;1,29
Втулка;Assembly_53;Part_01002;1;Cutting;Ленточнопильный станок 1;0,52;16;2;no;0,53
Втулка;Assembly_53;Part_01002;2;Milling;Фрезерный станок 2;5,08;24;2;yes;0,67
Втулка;Assembly_53;Part_01002;3;Drilling;Сверлильный станок 1;1,71;16;3;yes;1,1
Втулка;Assembly_53;Part_01002;4;Grinding;Шлифовальный станок 1;1,78;16;3;no;0,78
Втулка;Assembly_53;Part_01258;1;Casting;Литейная установка 1;3,72;;;;
Втулка;Assembly_53;Part_01258;2;Milling;Фрезерный станок 2;2,21;24;2;yes;0,67
Втулка;Assembly_53;Part_01258;3;Drilling;Сверлильный станок 1;1,87;16;3;yes;1,1
Втулка;Assembly_55;Part_00920;1;Cutting;Ленточнопильный станок 1;0,78;16;2;no;0,53
Втулка;Assembly_55;Part_00920;2;Milling;Фрезерный станок 2;5,8;24;2;yes;0,67
Втулка;Assembly_55;Part_00920;3;Drilling;Сверлильный станок 1;1,46;16;3;yes;1,1
Втулка;Assembly_55;Part_00920;4;Grinding;Шлифовальный станок 1;1,24;16;3;no;0,78
Втулка;Assembly_58;Part_00949;1;Casting;Литейная установка 1;3,08;;;;
Втулка;Assembly_58;Part_00949;2;Milling;Фрезерный станок 1;5,51;16;1;no;1,44
Втулка;Assembly_58;Part_00949;3;Drilling;Сверлильный станок 1;0,8;16;3;yes;1,1
Втулка;Assembly_58;Part_01226;1;Forging;Кузнечный пресс 1;2,24;;;;
Втулка;Assembly_58;Part_01226;2;Turning;Токарный станок 1;3,62;20;2;yes;0,49
Втулка;Assembly_58;Part_01226;3;Grinding;Шлифовальный станок 1;2,91;16;3;no;0,78
Втулка;Assembly_59;Part_00388;1;Casting;Литейная установка 1;2,86;;;;
Втулка;Assembly_59;Part_00388;2;Milling;Фрезерный станок 2;3,86;24;2;yes;0,67
Втулка;Assembly_59;Part_00388;3;Drilling;Сверлильный станок 1;1,54;16;3;yes;1,1
Втулка;Assembly_59;Part_00871;1;Casting;Литейная установка 1;2,35;;;;
Втулка;Assembly_59;Part_00871;2;Milling;Фрезерный станок 1;4,94;16;1;no;1,44
Втулка;Assembly_59;Part_00871;3;Drilling;Сверлильный станок 1;0,91;16;3;yes;1,1
Втулка;Assembly_59;Part_00986;1;Forging;Кузнечный пресс 1;3,92;;;;
Втулка;Assembly_59;Part_00986;2;Turning;Токарный станок 2;1,81;16;3;no;1,26
Втулка;Assembly_59;Part_00986;3;Grinding;Шлифовальный станок 1;1,49;16;3;no;0,78
Втулка;Assembly_60;Part_00326;1;Cutting;Ленточнопильный станок 2;0,55;16;2;yes;0,26
Втулка;Assembly_60;Part_00326;2;Milling;Фрезерный станок 2;2,16;24;2;yes;0,67
Втулка;Assembly_60;Part_00326;3;Heat treatment;Печь термообработки 1;7,78;20;1;no;0,2
Втулка;Assembly_60;Part_00326;4;Grinding;Шлифовальный станок 1;1,26;16;3;no;0,78
Втулка;Assembly_7;Part_00823;1;Casting;Литейная установка 1;3,4;;;;
Втулка;Assembly_7;Part_00823;2;Milling;Фрезерный станок 1;3,05;16;1;no;1,44
Втулка;Assembly_7;Part_00823;3;Drilling;Сверлильный станок 1;1,17;16;3;yes;1,1
Втулка;Assembly_8;Part_00345;1;Cutting;Ленточнопильный станок 1;1,36;16;2;no;0,53
Втулка;Assembly_8;Part_00345;2;Milling;Фрезерный станок 2;3,53;24;2;yes;0,67
Втулка;Assembly_8;Part_00345;3;Heat treatment;Печь термообработки 1;4,1;20;1;no;0,2
Втулка;Assembly_8;Part_00345;4;Grinding;Шлифовальный станок 1;2,39;16;3;no;0,78
Втулка;Assembly_9;Part_00635;1;Cutting;Ленточнопильный станок 1;1,45;16;2;no;0,53
Втулка;Assembly_9;Part_00635;2;Milling;Фрезерный станок 1;5,06;16;1;no;1,44
Втулка;Assembly_9;Part_00635;3;Heat treatment;Печь термообработки 1;7,82;20;1;no;0,2
Втулка;Assembly_9;Part_00635;4;Grinding;Шлифовальный станок 1;1,42;16;3;no;0,78
Держатель;Assembly_10;Part_01100;1;Cutting;Ленточнопильный станок 2;1,31;16;2;yes;0,26
Держатель;Assembly_10;Part_01100;2;Milling;Фрезерный станок 1;2,35;16;1;no;1,44
Держатель;Assembly_10;Part_01100;3;Drilling;Сверлильный станок 1;1,25;16;3;yes;1,1
Держатель;Assembly_10;Part_01100;4;Grinding;Шлифовальный станок 1;2,03;16;3;no;0,78
Держатель;Assembly_11;Part_01134;1;Cutting;Ленточнопильный станок 1;1,2;16;2;no;0,53
Держатель;Assembly_11;Part_01134;2;Milling;Фрезерный станок 1;3,46;16;1;no;1,44
Держатель;Assembly_11;Part_01134;3;Heat treatment;Печь термообработки 1;5,14;20;1;no;0,2
Держатель;Assembly_11;Part_01134;4;Grinding;Шлифовальный станок 1;1,21;16;3;no;0,78
Держатель;Assembly_12;Part_00564;1;Cutting;Ленточнопильный станок 1;1,08;16;2;no;0,53
Держатель;Assembly_12;Part_00564;2;Milling;Фрезерный станок 1;4,28;16;1;no;1,44
Держатель;Assembly_12;Part_00564;3;Drilling;Сверлильный станок 1;1,92;16;3;yes;1,1
Держатель;Assembly_12;Part_00564;4;Grinding;Шлифовальный станок 1;1,25;16;3;no;0,78
Держатель;Assembly_12;Part_00596;1;Forging;Кузнечный пресс 1;3,6;;;;
Держатель;Assembly_12;Part_00596;2;Turning;Токарный станок 1;1,67;20;2;yes;0,49
Держатель;Assembly_12;Part_00596;3;Grinding;Шлифовальный станок 1;1,01;16;3;no;0,78
Держатель;Assembly_13;Part_00758;1;Cutting;Ленточнопильный станок 2;1,39;16;2;yes;0,26
Держатель;Assembly_13;Part_00758;2;Milling;Фрезерный станок 1;2,17;16;1;no;1,44
Держатель;Assembly_13;Part_00758;3;Drilling;Сверлильный станок 1;1,22;16;3;yes;1,1
Держатель;Assembly_13;Part_00758;4;Grinding;Шлифовальный станок 1;1,44;16;3;no;0,78
Держатель;Assembly_14;Part_01147;1;Forging;Кузнечный пресс 1;3,82;;;;
Держатель;Assembly_14;Part_01147;2;Turning;Токарный станок 2;3,95;16;3;no;1,26
Держатель;Assembly_14;Part_01147;3;Grinding;Шлифовальный станок 1;1,14;16;3;no;0,78
Держатель;Assembly_15;Part_00468;1;Casting;Литейная установка 1;2,88;;;;
Держатель;Assembly_15;Part_00468;2;Milling;Фрезерный станок 2;4,18;24;2;yes;0,67
Держатель;Assembly_15;Part_00468;3;Drilling;Сверлильный станок 1;1,39;16;3;yes;1,1
Держатель;Assembly_15;Part_01152;1;Cutting;Ленточнопильный станок 1;1,1;16;2;no;0,53
Держатель;Assembly_15;Part_01152;2;Milling;Фрезерный станок 1;4,7;16;1;no;1,44
Держатель;Assembly_15;Part_01152;3;Heat treatment;Печь термообработки 1;7,5;20;1;no;0,2
Держатель;Assembly_15;Part_01152;4;Grinding;Шлифовальный станок 1;1,04;16;3;no;0,78
Держатель;Assembly_18;Part_00186;1;Casting;Литейная установка 1;2,93;;;;
Держатель;Assembly_18;Part_00186;2;Milling;Фрезерный станок 2;2,62;24;2;yes;0,67
Держатель;Assembly_18;Part_00186;3;Drilling;Сверлильный станок 1;1,83;16;3;yes;1,1
Держатель;Assembly_20;Part_00582;1;Forging;Кузнечный пресс 1;3,3;;;;
Держатель;Assembly_20;Part_00582;2;Turning;Токарный станок 2;1,61;16;3;no;1,26
Держатель;Assembly_20;Part_00582;3;Grinding;Шлифовальный станок 1;1,59;16;3;no;0,78
Держатель;Assembly_22;Part_00408;1;Cutting;Ленточнопильный станок 1;0,71;16;2;no;0,53
Держатель;Assembly_22;Part_00408;2;Turning;Токарный станок 2;3,45;16;3;no;1,26
Держатель;Assembly_22;Part_00408;3;Heat treatment;Печь термообработки 1;5,45;20;1;no;0,2
Держатель;Assembly_22;Part_00408;4;Grinding;Шлифовальный станок 1;2,63;16;3;no;0,78
Держатель;Assembly_22;Part_00408;5;Polishing;Полировальный станок 1;0,89;24;2;yes;1,29
Держатель;Assembly_23;Part_00659;1;Cutting;Ленточнопильный станок 1;0,87;16;2;no;0,53
Держатель;Assembly_23;Part_00659;2;Turning;Токарный станок 2;3,08;16;3;no;1,26
Держатель;Assembly_23;Part_00659;3;Heat treatment;Печь термообработки 1;6,44;20;1;no;0,2
Держатель;Assembly_23;Part_00659;4;Grinding;Шлифовальный станок 1;2,59;16;3;no;0,78
Держатель;Assembly_23;Part_00659;5;Polishing;Полировальный станок 1;1,44;24;2;yes;1,29
Держатель;Assembly_27;Part_00600;1;Cutting;Ленточнопильный станок 1;1,36;16;2;no;0,53
Держатель;Assembly_27;Part_00600;2;Milling;Фрезерный станок 2;4,02;24;2;yes;0,67
Держатель;Assembly_27;Part_00600;3;Drilling;Сверлильный станок 1;0,86;16;3;yes;1,1
Держатель;Assembly_27;Part_00600;4;Grinding;Шлифовальный станок 1;1,34;16;3;no;0,78
Держатель;Assembly_28;Part_00769;1;Cutting;Ленточнопильный станок 2;1,43;16;2;yes;0,26
Держатель;Assembly_28;Part_00769;2;Milling;Фрезерный станок 2;2,93;24;2;yes;0,67
Держатель;Assembly_28;Part_00769;3;Heat treatment;Печь термообработки 1;5,06;20;1;no;0,2
Держатель;Assembly_28;Part_00769;4;Grinding;Шлифовальный станок 1;1,49;16;3;no;0,78
Держатель;Assembly_28;Part_00856;1;Forging;Кузнечный пресс 1;3,48;;;;
Держатель;Assembly_28;Part_00856;2;Turning;Токарный станок 2;2,86;16;3;no;1,26
Держатель;Assembly_28;Part_00856;3;Grinding;Шлифовальный станок 1;2,4;16;3;no;0,78
Держатель;Assembly_28;Part_01221;1;Forging;Кузнечный пресс 1;3,43;;;;
Держатель;Assembly_28;Part_01221;2;Turning;Токарный станок 2;2,22;16;3;no;1,26
Держатель;Assembly_28;Part_01221;3;Grinding;Шлифовальный станок 1;2,37;16;3;no;0,78
Держатель;Assembly_30;Part_01089;1;Cutting;Ленточнопильный станок 2;0,55;16;2;yes;0,26
Держатель;Assembly_30;Part_01089;2;Milling;Фрезерный станок 2;5,64;24;2;yes;0,67
Держатель;Assembly_30;Part_01089;3;Heat treatment;Печь термообработки 1;3,85;20;1;no;0,2
Держатель;Assembly_30;Part_01089;4;Grinding;Шлифовальный станок 1;2,37;16;3;no;0,78
Держатель;Assembly_30;Part_01115;1;Cutting;Ленточнопильный станок 1;1,12;16;2;no;0,53
Держатель;Assembly_30;Part_01115;2;Milling;Фрезерный станок 1;2,08;16;1;no;1,44
Держатель;Assembly_30;Part_01115;3;Heat treatment;Печь термообработки 1;3,14;20;1;no;0,2
Держатель;Assembly_30;Part_01115;4;Grinding;Шлифовальный станок 1;1,63;16;3;no;0,78
Держатель;Assembly_31;Part_00063;1;Forging;Кузнечный пресс 1;3,73;;;;
Держатель;Assembly_31;Part_00063;2;Turning;Токарный станок 2;4,01;16;3;no;1,26
Держатель;Assembly_31;Part_00063;3;Grinding;Шлифовальный станок 1;2,93;16;3;no;0,78
Держатель;Assembly_31;Part_00101;1;Casting;Литейная установка 1;4,36;;;;
Держатель;Assembly_31;Part_00101;2;Milling;Фрезерный станок 1;5,47;16;1;no;1,44
Держатель;Assembly_31;Part_00101;3;Drilling;Сверлильный станок 1;1,5;16;3;yes;1,1
Держатель;Assembly_32;Part_01007;1;Cutting;Ленточнопильный станок 2;1,25;16;2;yes;0,26
Держатель;Assembly_32;Part_01007;2;Turning;Токарный станок 1;3,66;20;2;yes;0,49
Держатель;Assembly_32;Part_01007;3;Heat treatment;Печь термообработки 1;4,32;20;1;no;0,2
Держатель;Assembly_32;Part_01007;4;Grinding;Шлифовальный станок 1;2,85;16;3;no;0,78
Держатель;Assembly_32;Part_01007;5;Polishing;Полировальный станок 1;1,15;24;2;yes;1,29
Держатель;Assembly_33;Part_00061;1;Cutting;Ленточнопильный станок 1;1,19;16;2;no;0,53
Держатель;Assembly_33;Part_00061;2;Milling;Фрезерный станок 2;4,54;24;2;yes;0,67
Держатель;Assembly_33;Part_00061;3;Drilling;Сверлильный станок 1;1,41;16;3;yes;1,1
Держатель;Assembly_33;Part_00061;4;Grinding;Шлифовальный станок 1;2,06;16;3;no;0,78
Держатель;Assembly_34;Part_00042;1;Cutting;Ленточнопильный станок 2;1;16;2;yes;0,26
Держатель;Assembly_34;Part_00042;2;Milling;Фрезерный станок 2;5,72;24;2;yes;0,67
Держатель;Assembly_34;Part_00042;3;Drilling;Сверлильный станок 1;0,86;16;3;yes;1,1
Держатель;Assembly_34;Part_00042;4;Grinding;Шлифовальный станок 1;2,37;16;3;no;0,78
Держатель;Assembly_36;Part_00892;1;Cutting;Ленточнопильный станок 2;0,74;16;2;yes;0,26
Держатель;Assembly_36;Part_00892;2;Turning;Токарный станок 1;4,14;20;2;yes;0,49
Держатель;Assembly_36;Part_00892;3;Heat treatment;Печь термообработки 1;5,2;20;1;no;0,2
Держатель;Assembly_36;Part_00892;4;Grinding;Шлифовальный станок 1;1,43;16;3;no;0,78
Держатель;Assembly_36;Part_00892;5;Polishing;Полировальный станок 1;0,79;24;2;yes;1,29
Держатель;Assembly_36;Part_01175;1;Cutting;Ленточнопильный станок 1;1,31;16;2;no;0,53
Держатель;Assembly_36;Part_01175;2;Milling;Фрезерный станок 1;4,07;16;1;no;1,44
Держатель;Assembly_36;Part_01175;3;Heat treatment;Печь термообработки 1;3,36;20;1;no;0,2
Держатель;Assembly_36;Part_01175;4;Grinding;Шлифовальный станок 1;2,24;16;3;no;0,78
Держатель;Assembly_39;Part_00133;1;Forging;Кузнечный пресс 1;3,97;;;;
Держатель;Assembly_39;Part_00133;2;Turning;Токарный станок 2;4,2;16;3;no;1,26
Держатель;Assembly_39;Part_00133;3;Grinding;Шлифовальный станок 1;2,98;16;3;no;0,78
Держатель;Assembly_39;Part_00941;1;Cutting;Ленточнопильный станок 2;1,1;16;2;yes;0,26
Держатель;Assembly_39;Part_00941;2;Milling;Фрезерный станок 2;4,57;24;2;yes;0,67
Держатель;Assembly_39;Part_00941;3;Drilling;Сверлильный станок 1;1,24;16;3;yes;1,1
Держатель;Assembly_39;Part_00941;4;Grinding;Шлифовальный станок 1;1,48;16;3;no;0,78
Держатель;Assembly_40;Part_00320;1;Cutting;Ленточнопильный станок 1;1,27;16;2;no;0,53
Держатель;Assembly_40;Part_00320;2;Milling;Фрезерный станок 2;5,39;24;2;yes;0,67
Держатель;Assembly_40;Part_00320;3;Drilling;Сверлильный станок 1;1,1;16;3;yes;1,1
Держатель;Assembly_40;Part_00320;4;Grinding;Шлифовальный станок 1;1,14;16;3;no;0,78
Держатель;Assembly_40;Part_00376;1;Cutting;Ленточнопильный станок 1;0,85;16;2;no;0,53
Держатель;Assembly_40;Part_00376;2;Turning;Токарный станок 1;3,91;20;2;yes;0,49
Держатель;Assembly_40;Part_00376;3;Heat treatment;Печь термообработки 1;6,05;20;1;no;0,2
Держатель;Assembly_40;Part_00376;4;Grinding;Шлифовальный станок 1;1,86;16;3;no;0,78
Держатель;Assembly_40;Part_00376;5;Polishing;Полировальный станок 1;0,57;24;2;yes;1,29
Держатель;Assembly_40;Part_00849;1;Cutting;Ленточнопильный станок 1;1,46;16;2;no;0,53
Держатель;Assembly_40;Part_00849;2;Milling;Фрезерный станок 2;3,51;24;2;yes;0,67
Держатель;Assembly_40;Part_00849;3;Heat treatment;Печь термообработки 1;3,79;20;1;no;0,2
Держатель;Assembly_40;Part_00849;4;Grinding;Шлифовальный станок 1;2,97;16;3;no;0,78
Держатель;Assembly_43;Part_00715;1;Forging;Кузнечный пресс 1;3,05;;;;
Держатель;Assembly_43;Part_00715;2;Turning;Токарный станок 1;2,35;20;2;yes;0,49
Держатель;Assembly_43;Part_00715;3;Grinding;Шлифовальный станок 1;1,15;16;3;no;0,78
Держатель;Assembly_43;Part_01095;1;Cutting;Ленточнопильный станок 1;0,93;16;2;no;0,53
Держатель;Assembly_43;Part_01095;2;Milling;Фрезерный станок 1;4,67;16;1;no;1,44
Держатель;Assembly_43;Part_01095;3;Drilling;Сверлильный станок 1;1,85;16;3;yes;1,1
Держатель;Assembly_43;Part_01095;4;Grinding;Шлифовальный станок 1;2,66;16;3;no;0,78
Держатель;Assembly_44;Part_00029;1;Forging;Кузнечный пресс 1;2,32;;;;
Держатель;Assembly_44;Part_00029;2;Turning;Токарный станок 1;3,02;20;2;yes;0,49
Держатель;Assembly_44;Part_00029;3;Grinding;Шлифовальный станок 1;2,61;16;3;no;0,78
Держатель;Assembly_44;Part_01205;1;Cutting;Ленточнопильный станок 1;1,13;16;2;no;0,53
Держатель;Assembly_44;Part_01205;2;Milling;Фрезерный станок 1;4,47;16;1;no;1,44
Держатель;Assembly_44;Part_01205;3;Heat treatment;Печь термообработки 1;4,23;20;1;no;0,2
Держатель;Assembly_44;Part_01205;4;Grinding;Шлифовальный станок 1;1,69;16;3;no;0,78
Держатель;Assembly_47;Part_00668;1;Forging;Кузнечный пресс 1;2,84;;;;
Держатель;Assembly_47;Part_00668;2;Turning;Токарный станок 2;4,63;16;3;no;1,26
Держатель;Assembly_47;Part_00668;3;Grinding;Шлифовальный станок 1;1,05;16;3;no;0,78
Держатель;Assembly_48;Part_00338;1;Casting;Литейная установка 1;2,66;;;;
Держатель;Assembly_48;Part_00338;2;Milling;Фрезерный станок 1;4,43;16;1;no;1,44
Держатель;Assembly_48;Part_00338;3;Drilling;Сверлильный станок 1;0,89;16;3;yes;1,1
Держатель;Assembly_48;Part_00581;1;Cutting;Ленточнопильный станок 1;1;16;2;no;0,53
Держатель;Assembly_48;Part_00581;2;Milling;Фрезерный станок 2;5,53;24;2;yes;0,67
Держатель;Assembly_48;Part_00581;3;Heat treatment;Печь термообработки 1;5,74;20;1;no;0,2
Держатель;Assembly_48;Part_00581;4;Grinding;Шлифовальный станок 1;2,42;16;3;no;0,78
Держатель;Assembly_48;Part_01080;1;Casting;Литейная установка 1;4,44;;;;
Держатель;Assembly_48;Part_01080;2;Milling;Фрезерный станок 1;3,57;16;1;no;1,44
Держатель;Assembly_48;Part_01080;3;Drilling;Сверлильный станок 1;0,92;16;3;yes;1,1
Держатель;Assembly_51;Part_00980;1;Cutting;Ленточнопильный станок 1;0,59;16;2;no;0,53
Держатель;Assembly_51;Part_00980;2;Turning;Токарный станок 1;1,8;20;2;yes;0,49
Держатель;Assembly_51;Part_00980;3;Heat treatment;Печь термообработки 1;4,83;20;1;no;0,2
Держатель;Assembly_51;Part_00980;4;Grinding;Шлифовальный станок 1;2,98;16;3;no;0,78
Держатель;Assembly_51;Part_00980;5;Polishing;Полировальный станок 1;1,25;24;2;yes;1,29
Держатель;Assembly_51;Part_01239;1;Cutting;Ленточнопильный станок 1;1,48;16;2;no;0,53
Держатель;Assembly_51;Part_01239;2;Milling;Фрезерный станок 1;4,56;16;1;no;1,44
Держатель;Assembly_51;Part_01239;3;Drilling;Сверлильный станок 1;1,68;16;3;yes;1,1
Держатель;Assembly_51;Part_01239;4;Grinding;Шлифовальный станок 1;1,48;16;3;no;0,78
Держатель;Assembly_52;Part_00427;1;Casting;Литейная установка 1;4,64;;;;
Держатель;Assembly_52;Part_00427;2;Milling;Фрезерный станок 2;4,91;24;2;yes;0,67
Держатель;Assembly_52;Part_00427;3;Drilling;Сверлильный станок 1;1,54;16;3;yes;1,1
Держатель;Assembly_53;Part_00096;1;Cutting;Ленточнопильный станок 2;0,87;16;2;yes;0,26
Держатель;Assembly_53;Part_00096;2;Milling;Фрезерный станок 1;4,36;16;1;no;1,44
Держатель;Assembly_53;Part_00096;3;Drilling;Сверлильный станок 1;1,92;16;3;yes;1,1
Держатель;Assembly_53;Part_00096;4;Grinding;Шлифовальный станок 1;1,52;16;3;no;0,78
Держатель;Assembly_57;Part_00831;1;Forging;Кузнечный пресс 1;3,09;;;;
Держатель;Assembly_57;Part_00831;2;Turning;Токарный станок 1;3,95;20;2;yes;0,49
Держатель;Assembly_57;Part_00831;3;Grinding;Шлифовальный станок 1;2,61;16;3;no;0,78
Держатель;Assembly_57;Part_00845;1;Cutting;Ленточнопильный станок 1;1,11;16;2;no;0,53
Держатель;Assembly_57;Part_00845;2;Milling;Фрезерный станок 1;3,07;16;1;no;1,44
Держатель;Assembly_57;Part_00845;3;Drilling;Сверлильный станок 1;0,92;16;3;yes;1,1
Держатель;Assembly_57;Part_00845;4;Grinding;Шлифовальный станок 1;1,96;16;3;no;0,78
Держатель;Assembly_58;Part_00285;1;Forging;Кузнечный пресс 1;2,32;;;;
Держатель;Assembly_58;Part_00285;2;Turning;Токарный станок 1;2,44;20;2;yes;0,49
Держатель;Assembly_58;Part_00285;3;Grinding;Шлифовальный станок 1;2,5;16;3;no;0,78
Держатель;Assembly_58;Part_00588;1;Casting;Литейная установка 1;3,42;;;;
Держатель;Assembly_58;Part_00588;2;Milling;Фрезерный станок 1;5,53;16;1;no;1,44
Держатель;Assembly_58;Part_00588;3;Drilling;Сверлильный станок 1;1,46;16;3;yes;1,1
Держатель;Assembly_59;Part_00401;1;Casting;Литейная установка 1;4,95;;;;
Держатель;Assembly_59;Part_00401;2;Milling;Фрезерный станок 2;4,22;24;2;yes;0,67
Держатель;Assembly_59;Part_00401;3;Drilling;Сверлильный станок 1;1,84;16;3;yes;1,1
Держатель;Assembly_60;Part_00679;1;Forging;Кузнечный пресс 1;3,19;;;;
Держатель;Assembly_60;Part_00679;2;Turning;Токарный станок 2;2,32;16;3;no;1,26
Держатель;Assembly_60;Part_00679;3;Grinding;Шлифовальный станок 1;2,73;16;3;no;0,78
Держатель;Assembly_7;Part_00215;1;Casting;Литейная установка 1;2,54;;;;
Держатель;Assembly_7;Part_00215;2;Milling;Фрезерный станок 1;3,83;16;1;no;1,44
Держатель;Assembly_7;Part_00215;3;Drilling;Сверлильный станок 1;1,3;16;3;yes;1,1
Держатель;Assembly_8;Part_00575;1;Cutting;Ленточнопильный станок 2;1,02;16;2;yes;0,26
Держатель;Assembly_8;Part_00575;2;Milling;Фрезерный станок 2;4,33;24;2;yes;0,67
Держатель;Assembly_8;Part_00575;3;Heat treatment;Печь термообработки 1;6,92;20;1;no;0,2
Держатель;Assembly_8;Part_00575;4;Grinding;Шлифовальный станок 1;1,22;16;3;no;0,78
Держатель;Assembly_8;Part_00865;1;Cutting;Ленточнопильный станок 1;1,12;16;2;no;0,53
Держатель;Assembly_8;Part_00865;2;Milling;Фрезерный станок 1;2,19;16;1;no;1,44
Держатель;Assembly_8;Part_00865;3;Drilling;Сверлильный станок 1;1,32;16;3;yes;1,1
Держатель;Assembly_8;Part_00865;4;Grinding;Шлифовальный станок 1;2,87;16;3;no;0,78
Задняя крышка;Assembly_1;Part_00908;1;Cutting;Ленточнопильный станок 2;1,27;16;2;yes;0,26
Задняя крышка;Assembly_1;Part_00908;2;Milling;Фрезерный станок 2;4,35;24;2;yes;0,67
Задняя крышка;Assembly_1;Part_00908;3;Drilling;Сверлильный станок 1;1,32;16;3;yes;1,1
Задняя крышка;Assembly_1;Part_00908;4;Grinding;Шлифовальный станок 1;1,4;16;3;no;0,78
Задняя крышка;Assembly_13;Part_01054;1;Casting;Литейная установка 1;4,64;;;;
Задняя крышка;Assembly_13;Part_01054;2;Milling;Фрезерный станок 1;3,35;16;1;no;1,44
Задняя крышка;Assembly_13;Part_01054;3;Drilling;Сверлильный станок 1;1,88;16;3;yes;1,1
Задняя крышка;Assembly_15;Part_01129;1;Cutting;Ленточнопильный станок 2;1,4;16;2;yes;0,26
Задняя крышка;Assembly_15;Part_01129;2;Turning;Токарный станок 1;4,52;20;2;yes;0,49
Задняя крышка;Assembly_15;Part_01129;3;Heat treatment;Печь термообработки 1;5,79;20;1;no;0,2
Задняя крышка;Assembly_15;Part_01129;4;Grinding;Шлифовальный станок 1;2,88;16;3;no;0,78
Задняя крышка;Assembly_15;Part_01129;5;Polishing;Полировальный станок 1;1,2;24;2;yes;1,29
Задняя крышка;Assembly_17;Part_00385;1;Cutting;Ленточнопильный станок 2;0,86;16;2;yes;0,26
Задняя крышка;Assembly_17;Part_00385;2;Turning;Токарный станок 1;3,42;20;2;yes;0,49
Задняя крышка;Assembly_17;Part_00385;3;Heat treatment;Печь термообработки 1;3,19;20;1;no;0,2
Задняя крышка;Assembly_17;Part_00385;4;Grinding;Шлифовальный станок 1;1,62;16;3;no;0,78
Задняя крышка;Assembly_17;Part_00385;5;Polishing;Полировальный станок 1;1,18;24;2;yes;1,29
Задняя крышка;Assembly_18;Part_01229;1;Cutting;Ленточнопильный станок 1;0,91;16;2;no;0,53
Задняя крышка;Assembly_18;Part_01229;2;Turning;Токарный станок 2;2,61;16;3;no;1,26
Задняя крышка;Assembly_18;Part_01229;3;Heat treatment;Печь термообработки 1;5,97;20;1;no;0,2
Задняя крышка;Assembly_18;Part_01229;4;Grinding;Шлифовальный станок 1;1,74;16;3;no;0,78
Задняя крышка;Assembly_18;Part_01229;5;Polishing;Полировальный станок 1;1,22;24;2;yes;1,29
Задняя крышка;Assembly_20;Part_00819;1;Cutting;Ленточнопильный станок 1;0,92;16;2;no;0,53
Задняя крышка;Assembly_20;Part_00819;2;Milling;Фрезерный станок 1;5,27;16;1;no;1,44
Задняя крышка;Assembly_20;Part_00819;3;Heat treatment;Печь термообработки 1;6,6;20;1;no;0,2
Задняя крышка;Assembly_20;Part_00819;4;Grinding;Шлифовальный станок 1;2,64;16;3;no;0,78
Задняя крышка;Assembly_21;Part_00615;1;Forging;Кузнечный пресс 1;2,36;;;;
Задняя крышка;Assembly_21;Part_00615;2;Turning;Токарный станок 2;2,84;16;3;no;1,26
Задняя крышка;Assembly_21;Part_00615;3;Grinding;Шлифовальный станок 1;1,81;16;3;no;0,78
Задняя крышка;Assembly_21;Part_00853;1;Cutting;Ленточнопильный станок 2;1,42;16;2;yes;0,26
Задняя крышка;Assembly_21;Part_00853;2;Milling;Фрезерный станок 2;3,14;24;2;yes;0,67
Задняя крышка;Assembly_21;Part_00853;3;Heat treatment;Печь термообработки 1;5,1;20;1;no;0,2
Задняя крышка;Assembly_21;Part_00853;4;Grinding;Шлифовальный станок 1;2,51;16;3;no;0,78
Задняя крышка;Assembly_22;Part_01150;1;Cutting;Ленточнопильный станок 1;1,44;16;2;no;0,53
Задняя крышка;Assembly_22;Part_01150;2;Milling;Фрезерный станок 2;5,03;24;2;yes;0,67
Задняя крышка;Assembly_22;Part_01150;3;Heat treatment;Печь термообработки 1;7,59;20;1;no;0,2
Задняя крышка;Assembly_22;Part_01150;4;Grinding;Шлифовальный станок 1;2,01;16;3;no;0,78
Задняя крышка;Assembly_23;Part_01139;1;Cutting;Ленточнопильный станок 1;0,67;16;2;no;0,53
Задняя крышка;Assembly_23;Part_01139;2;Turning;Токарный станок 2;2,13;16;3;no;1,26
Задняя крышка;Assembly_23;Part_01139;3;Heat treatment;Печь термообработки 1;3,86;20;1;no;0,2
Задняя крышка;Assembly_23;Part_01139;4;Grinding;Шлифовальный станок 1;2,06;16;3;no;0,78
Задняя крышка;Assembly_23;Part_01139;5;Polishing;Полировальный станок 1;1,4;24;2;yes;1,29
Задняя крышка;Assembly_25;Part_00431;1;Cutting;Ленточнопильный станок 2;1,46;16;2;yes;0,26
Задняя крышка;Assembly_25;Part_00431;2;Milling;Фрезерный станок 1;4,68;16;1;no;1,44
Задняя крышка;Assembly_25;Part_00431;3;Drilling;Сверлильный станок 1;0,91;16;3;yes;1,1
Задняя крышка;Assembly_25;Part_00431;4;Grinding;Шлифовальный станок 1;1,64;16;3;no;0,78
Задняя крышка;Assembly_28;Part_00415;1;Casting;Литейная установка 1;4,5;;;;
Задняя крышка;Assembly_28;Part_00415;2;Milling;Фрезерный станок 1;6;16;1;no;1,44
Задняя крышка;Assembly_28;Part_00415;3;Drilling;Сверлильный станок 1;0,72;16;3;yes;1,1
Задняя крышка;Assembly_29;Part_00227;1;Casting;Литейная установка 1;4;;;;
Задняя крышка;Assembly_29;Part_00227;2;Milling;Фрезерный станок 1;3,72;16;1;no;1,44
Задняя крышка;Assembly_29;Part_00227;3;Drilling;Сверлильный станок 1;1,9;16;3;yes;1,1
Задняя крышка;Assembly_3;Part_01047;1;Forging;Кузнечный пресс 1;3,09;;;;
Задняя крышка;Assembly_3;Part_01047;2;Turning;Токарный станок 2;4,96;16;3;no;1,26
Задняя крышка;Assembly_3;Part_01047;3;Grinding;Шлифовальный станок 1;1,61;16;3;no;0,78
Задняя крышка;Assembly_32;Part_01219;1;Forging;Кузнечный пресс 1;3,5;;;;
Задняя крышка;Assembly_32;Part_01219;2;Turning;Токарный станок 1;3,51;20;2;yes;0,49
Задняя крышка;Assembly_32;Part_01219;3;Grinding;Шлифовальный станок 1;1,61;16;3;no;0,78
Задняя крышка;Assembly_35;Part_00516;1;Forging;Кузнечный пресс 1;3,52;;;;
Задняя крышка;Assembly_35;Part_00516;2;Turning;Токарный станок 2;3,29;16;3;no;1,26
Задняя крышка;Assembly_35;Part_00516;3;Grinding;Шлифовальный станок 1;1,19;16;3;no;0,78
Задняя крышка;Assembly_37;Part_00566;1;Cutting;Ленточнопильный станок 2;1,04;16;2;yes;0,26
Задняя крышка;Assembly_37;Part_00566;2;Milling;Фрезерный станок 2;3,76;24;2;yes;0,67
Задняя крышка;Assembly_37;Part_00566;3;Heat treatment;Печь термообработки 1;6,93;20;1;no;0,2
Задняя крышка;Assembly_37;Part_00566;4;Grinding;Шлифовальный станок 1;2,18;16;3;no;0,78
Задняя крышка;Assembly_38;Part_00407;1;Casting;Литейная установка 1;4,4;;;;
Задняя крышка;Assembly_38;Part_00407;2;Milling;Фрезерный станок 1;5,48;16;1;no;1,44
Задняя крышка;Assembly_38;Part_00407;3;Drilling;Сверлильный станок 1;1,4;16;3;yes;1,1
Задняя крышка;Assembly_38;Part_00479;1;Cutting;Ленточнопильный станок 2;1,42;16;2;yes;0,26
Задняя крышка;Assembly_38;Part_00479;2;Milling;Фрезерный станок 2;5,1;24;2;yes;0,67
Задняя крышка;Assembly_38;Part_00479;3;Drilling;Сверлильный станок 1;1,71;16;3;yes;1,1
Задняя крышка;Assembly_38;Part_00479;4;Grinding;Шлифовальный станок 1;2,8;16;3;no;0,78
Задняя крышка;Assembly_39;Part_00450;1;Cutting;Ленточнопильный станок 2;0,52;16;2;yes;0,26
Задняя крышка;Assembly_39;Part_00450;2;Milling;Фрезерный станок 2;2,44;24;2;yes;0,67
Задняя крышка;Assembly_39;Part_00450;3;Heat treatment;Печь термообработки 1;4,47;20;1;no;0,2
Задняя крышка;Assembly_39;Part_00450;4;Grinding;Шлифовальный станок 1;1,75;16;3;no;0,78
Задняя крышка;Assembly_4;Part_01167;1;Cutting;Ленточнопильный станок 1;1,06;16;2;no;0,53
Задняя крышка;Assembly_4;Part_01167;2;Milling;Фрезерный станок 1;4,01;16;1;no;1,44
Задняя крышка;Assembly_4;Part_01167;3;Drilling;Сверлильный станок 1;1,77;16;3;yes;1,1
Задняя крышка;Assembly_4;Part_01167;4;Grinding;Шлифовальный станок 1;1,67;16;3;no;0,78
Задняя крышка;Assembly_40;Part_00026;1;Casting;Литейная установка 1;2,23;;;;
Задняя крышка;Assembly_40;Part_00026;2;Milling;Фрезерный станок 1;4,26;16;1;no;1,44
Задняя крышка;Assembly_40;Part_00026;3;Drilling;Сверлильный станок 1;1,05;16;3;yes;1,1
Задняя крышка;Assembly_41;Part_00925;1;Cutting;Ленточнопильный станок 1;0,72;16;2;no;0,53
Задняя крышка;Assembly_41;Part_00925;2;Turning;Токарный станок 1;3,17;20;2;yes;0,49
Задняя крышка;Assembly_41;Part_00925;3;Heat treatment;Печь термообработки 1;6,67;20;1;no;0,2
Задняя крышка;Assembly_41;Part_00925;4;Grinding;Шлифовальный станок 1;2,93;16;3;no;0,78
Задняя крышка;Assembly_41;Part_00925;5;Polishing;Полировальный станок 1;1,26;24;2;yes;1,29
Задняя крышка;Assembly_42;Part_00132;1;Cutting;Ленточнопильный станок 2;0,54;16;2;yes;0,26
Задняя крышка;Assembly_42;Part_00132;2;Milling;Фрезерный станок 1;5,11;16;1;no;1,44
Задняя крышка;Assembly_42;Part_00132;3;Heat treatment;Печь термообработки 1;7,78;20;1;no;0,2
Задняя крышка;Assembly_42;Part_00132;4;Grinding;Шлифовальный станок 1;1,93;16;3;no;0,78
Задняя крышка;Assembly_44;Part_00242;1;Cutting;Ленточнопильный станок 2;1,11;16;2;yes;0,26
Задняя крышка;Assembly_44;Part_00242;2;Milling;Фрезерный станок 2;2,37;24;2;yes;0,67
Задняя крышка;Assembly_44;Part_00242;3;Drilling;Сверлильный станок 1;1,29;16;3;yes;1,1
Задняя крышка;Assembly_44;Part_00242;4;Grinding;Шлифовальный станок 1;1,38;16;3;no;0,78
Задняя крышка;Assembly_45;Part_00235;1;Cutting;Ленточнопильный станок 1;0,5;16;2;no;0,53
Задняя крышка;Assembly_45;Part_00235;2;Turning;Токарный станок 2;4,69;16;3;no;1,26
Задняя крышка;Assembly_45;Part_00235;3;Heat treatment;Печь термообработки 1;3,46;20;1;no;0,2
Задняя крышка;Assembly_45;Part_00235;4;Grinding;Шлифовальный станок 1;2,22;16;3;no;0,78
Задняя крышка;Assembly_45;Part_00235;5;Polishing;Полировальный станок 1;1,06;24;2;yes;1,29
Задняя крышка;Assembly_47;Part_00681;1;Casting;Литейная установка 1;2,15;;;;
Задняя крышка;Assembly_47;Part_00681;2;Milling;Фрезерный станок 1;3,99;16;1;no;1,44
Задняя крышка;Assembly_47;Part_00681;3;Drilling;Сверлильный станок 1;1,19;16;3;yes;1,1
Задняя крышка;Assembly_47;Part_00732;1;Cutting;Ленточнопильный станок 1;0,8;16;2;no;0,53
Задняя крышка;Assembly_47;Part_00732;2;Milling;Фрезерный станок 1;2,16;16;1;no;1,44
Задняя крышка;Assembly_47;Part_00732;3;Drilling;Сверлильный станок 1;1,4;16;3;yes;1,1
Задняя крышка;Assembly_47;Part_00732;4;Grinding;Шлифовальный станок 1;1,43;16;3;no;0,78
Задняя крышка;Assembly_49;Part_01062;1;Cutting;Ленточнопильный станок 2;1,26;16;2;yes;0,26
Задняя крышка;Assembly_49;Part_01062;2;Milling;Фрезерный станок 2;5,64;24;2;yes;0,67
Задняя крышка;Assembly_49;Part_01062;3;Heat treatment;Печь термообработки 1;3,19;20;1;no;0,2
Задняя крышка;Assembly_49;Part_01062;4;Grinding;Шлифовальный станок 1;1,81;16;3;no;0,78
Задняя крышка;Assembly_50;Part_00927;1;Cutting;Ленточнопильный станок 1;1,38;16;2;no;0,53
Задняя крышка;Assembly_50;Part_00927;2;Turning;Токарный станок 1;1,69;20;2;yes;0,49
Задняя крышка;Assembly_50;Part_00927;3;Heat treatment;Печь термообработки 1;6,59;20;1;no;0,2
Задняя крышка;Assembly_50;Part_00927;4;Grinding;Шлифовальный станок 1;2,33;16;3;no;0,78
Задняя крышка;Assembly_50;Part_00927;5;Polishing;Полировальный станок 1;0,72;24;2;yes;1,29
Задняя крышка;Assembly_53;Part_00967;1;Casting;Литейная установка 1;3,46;;;;
Задняя крышка;Assembly_53;Part_00967;2;Milling;Фрезерный станок 1;5,91;16;1;no;1,44
Задняя крышка;Assembly_53;Part_00967;3;Drilling;Сверлильный станок 1;1,34;16;3;yes;1,1
Задняя крышка;Assembly_54;Part_00304;1;Cutting;Ленточнопильный станок 1;0,97;16;2;no;0,53
Задняя крышка;Assembly_54;Part_00304;2;Milling;Фрезерный станок 1;3,86;16;1;no;1,44
Задняя крышка;Assembly_54;Part_00304;3;Drilling;Сверлильный станок 1;0,56;16;3;yes;1,1
Задняя крышка;Assembly_54;Part_00304;4;Grinding;Шлифовальный станок 1;1,22;16;3;no;0,78
Задняя крышка;Assembly_54;Part_00354;1;Casting;Литейная установка 1;3,97;;;;
Задняя крышка;Assembly_54;Part_00354;2;Milling;Фрезерный станок 2;4,05;24;2;yes;0,67
Задняя крышка;Assembly_54;Part_00354;3;Drilling;Сверлильный станок 1;1,24;16;3;yes;1,1
Задняя крышка;Assembly_54;Part_00580;1;Cutting;Ленточнопильный станок 2;0,7;16;2;yes;0,26
Задняя крышка;Assembly_54;Part_00580;2;Turning;Токарный станок 2;3,02;16;3;no;1,26
Задняя крышка;Assembly_54;Part_00580;3;Heat treatment;Печь термообработки 1;3,11;20;1;no;0,2
Задняя крышка;Assembly_54;Part_00580;4;Grinding;Шлифовальный станок 1;1,97;16;3;no;0,78
Задняя крышка;Assembly_54;Part_00580;5;Polishing;Полировальный станок 1;0,63;24;2;yes;1,29
Задняя крышка;Assembly_54;Part_01197;1;Cutting;Ленточнопильный станок 1;1,13;16;2;no;0,53
Задняя крышка;Assembly_54;Part_01197;2;Milling;Фрезерный станок 1;4,11;16;1;no;1,44
Задняя крышка;Assembly_54;Part_01197;3;Drilling;Сверлильный станок 1;0,88;16;3;yes;1,1
Задняя крышка;Assembly_54;Part_01197;4;Grinding;Шлифовальный станок 1;2,88;16;3;no;0,78
Задняя крышка;Assembly_55;Part_00141;1;Cutting;Ленточнопильный станок 2;1,13;16;2;yes;0,26
Задняя крышка;Assembly_55;Part_00141;2;Milling;Фрезерный станок 1;4,98;16;1;no;1,44
Задняя крышка;Assembly_55;Part_00141;3;Drilling;Сверлильный станок 1;0,68;16;3;yes;1,1
Задняя крышка;Assembly_55;Part_00141;4;Grinding;Шлифовальный станок 1;2,64;16;3;no;0,78
Задняя крышка;Assembly_7;Part_00883;1;Casting;Литейная установка 1;3,26;;;;
Задняя крышка;Assembly_7;Part_00883;2;Milling;Фрезерный станок 2;3,73;24;2;yes;0,67
Задняя крышка;Assembly_7;Part_00883;3;Drilling;Сверлильный станок 1;1,98;16;3;yes;1,1
Корпус;Assembly_10;Part_00099;1;Cutting;Ленточнопильный станок 2;1,27;16;2;yes;0,26
Корпус;Assembly_10;Part_00099;2;Milling;Фрезерный станок 1;3,6;16;1;no;1,44
Корпус;Assembly_10;Part_00099;3;Drilling;Сверлильный станок 1;1,75;16;3;yes;1,1
Корпус;Assembly_10;Part_00099;4;Grinding;Шлифовальный станок 1;1,86;16;3;no;0,78
Корпус;Assembly_11;Part_00861;1;Forging;Кузнечный пресс 1;3,3;;;;
Корпус;Assembly_11;Part_00861;2;Turning;Токарный станок 1;1,52;20;2;yes;0,49
Корпус;Assembly_11;Part_00861;3;Grinding;Шлифовальный станок 1;3;16;3;no;0,78
Корпус;Assembly_13;Part_00106;1;Cutting;Ленточнопильный станок 2;1,06;16;2;yes;0,26
Корпус;Assembly_13;Part_00106;2;Turning;Токарный станок 1;3,36;20;2;yes;0,49
Корпус;Assembly_13;Part_00106;3;Heat treatment;Печь термообработки 1;7,73;20;1;no;0,2
Корпус;Assembly_13;Part_00106;4;Grinding;Шлифовальный станок 1;1,56;16;3;no;0,78
Корпус;Assembly_13;Part_00106;5;Polishing;Полировальный станок 1;0,77;24;2;yes;1,29
Корпус;Assembly_13;Part_01110;1;Cutting;Ленточнопильный станок 1;1,02;16;2;no;0,53
Корпус;Assembly_13;Part_01110;2;Milling;Фрезерный станок 1;3,86;16;1;no;1,44
Корпус;Assembly_13;Part_01110;3;Drilling;Сверлильный станок 1;1,54;16;3;yes;1,1
Корпус;Assembly_13;Part_01110;4;Grinding;Шлифовальный станок 1;2,15;16;3;no;0,78
Корпус;Assembly_14;Part_00192;1;Cutting;Ленточнопильный станок 1;1,26;16;2;no;0,53
Корпус;Assembly_14;Part_00192;2;Milling;Фрезерный станок 1;5,09;16;1;no;1,44
Корпус;Assembly_14;Part_00192;3;Drilling;Сверлильный станок 1;0,75;16;3;yes;1,1
Корпус;Assembly_14;Part_00192;4;Grinding;Шлифовальный станок 1;1,37;16;3;no;0,78
Корпус;Assembly_14;Part_00222;1;Cutting;Ленточнопильный станок 1;0,66;16;2;no;0,53
Корпус;Assembly_14;Part_00222;2;Milling;Фрезерный станок 1;5,86;16;1;no;1,44
Корпус;Assembly_14;Part_00222;3;Heat treatment;Печь термообработки 1;3,6;20;1;no;0,2
Корпус;Assembly_14;Part_00222;4;Grinding;Шлифовальный станок 1;1,86;16;3;no;0,78
Корпус;Assembly_16;Part_00049;1;Casting;Литейная установка 1;4,25;;;;
Корпус;Assembly_16;Part_00049;2;Milling;Фрезерный станок 1;5,84;16;1;no;1,44
Корпус;Assembly_16;Part_00049;3;Drilling;Сверлильный станок 1;1,37;16;3;yes;1,1
Корпус;Assembly_17;Part_01301;1;Casting;Литейная установка 1;3,99;;;;
Корпус;Assembly_17;Part_01301;2;Milling;Фрезерный станок 1;3,52;16;1;no;1,44
Корпус;Assembly_17;Part_01301;3;Drilling;Сверлильный станок 1;1,31;16;3;yes;1,1
Корпус;Assembly_2;Part_00129;1;Cutting;Ленточнопильный станок 2;0,9;16;2;yes;0,26
Корпус;Assembly_2;Part_00129;2;Milling;Фрезерный станок 1;4,15;16;1;no;1,44
Корпус;Assembly_2;Part_00129;3;Drilling;Сверлильный станок 1;1,99;16;3;yes;1,1
Корпус;Assembly_2;Part_00129;4;Grinding;Шлифовальный станок 1;2,96;16;3;no;0,78
Корпус;Assembly_20;Part_00165;1;Casting;Литейная установка 1;3,81;;;;
Корпус;Assembly_20;Part_00165;2;Milling;Фрезерный станок 1;5,13;16;1;no;1,44
Корпус;Assembly_20;Part_00165;3;Drilling;Сверлильный станок 1;1,84;16;3;yes;1,1
Корпус;Assembly_21;Part_00910;1;Cutting;Ленточнопильный станок 2;1,08;16;2;yes;0,26
Корпус;Assembly_21;Part_00910;2;Turning;Токарный станок 2;1,76;16;3;no;1,26
Корпус;Assembly_21;Part_00910;3;Heat treatment;Печь термообработки 1;7,07;20;1;no;0,2
Корпус;Assembly_21;Part_00910;4;Grinding;Шлифовальный станок 1;2,16;16;3;no;0,78
Корпус;Assembly_21;Part_00910;5;Polishing;Полировальный станок 1;1,49;24;2;yes;1,29
Корпус;Assembly_22;Part_00637;1;Forging;Кузнечный пресс 1;3,68;;;;
Корпус;Assembly_22;Part_00637;2;Turning;Токарный станок 1;4,78;20;2;yes;0,49
Корпус;Assembly_22;Part_00637;3;Grinding;Шлифовальный станок 1;2,49;16;3;no;0,78
Корпус;Assembly_28;Part_00294;1;Cutting;Ленточнопильный станок 2;1,43;16;2;yes;0,26
Корпус;Assembly_28;Part_00294;2;Milling;Фрезерный станок 2;2,32;24;2;yes;0,67
Корпус;Assembly_28;Part_00294;3;Heat treatment;Печь термообработки 1;6,88;20;1;no;0,2
Корпус;Assembly_28;Part_00294;4;Grinding;Шлифовальный станок 1;2,9;16;3;no;0,78
Корпус;Assembly_29;Part_00875;1;Cutting;Ленточнопильный станок 2;1,34;16;2;yes;0,26
Корпус;Assembly_29;Part_00875;2;Milling;Фрезерный станок 1;5,66;16;1;no;1,44
Корпус;Assembly_29;Part_00875;3;Heat treatment;Печь термообработки 1;6,77;20;1;no;0,2
Корпус;Assembly_29;Part_00875;4;Grinding;Шлифовальный станок 1;2,42;16;3;no;0,78
Корпус;Assembly_3;Part_00013;1;Cutting;Ленточнопильный станок 1;0,58;16;2;no;0,53
Корпус;Assembly_3;Part_00013;2;Milling;Фрезерный станок 1;3,81;16;1;no;1,44
Корпус;Assembly_3;Part_00013;3;Heat treatment;Печь термообработки 1;4,25;20;1;no;0,2
Корпус;Assembly_3;Part_00013;4;Grinding;Шлифовальный станок 1;2,59;16;3;no;0,78
Корпус;Assembly_31;Part_00116;1;Cutting;Ленточнопильный станок 1;0,9;16;2;no;0,53
Корпус;Assembly_31;Part_00116;2;Milling;Фрезерный станок 1;4,98;16;1;no;1,44
Корпус;Assembly_31;Part_00116;3;Heat treatment;Печь термообработки 1;6,27;20;1;no;0,2
Корпус;Assembly_31;Part_00116;4;Grinding;Шлифовальный станок 1;2,09;16;3;no;0,78
Корпус;Assembly_31;Part_01208;1;Forging;Кузнечный пресс 1;3,99;;;;
Корпус;Assembly_31;Part_01208;2;Turning;Токарный станок 1;2,28;20;2;yes;0,49
Корпус;Assembly_31;Part_01208;3;Grinding;Шлифовальный станок 1;2,26;16;3;no;0,78
Корпус;Assembly_35;Part_00506;1;Cutting;Ленточнопильный станок 1;1;16;2;no;0,53
Корпус;Assembly_35;Part_00506;2;Turning;Токарный станок 2;2;16;3;no;1,26
Корпус;Assembly_35;Part_00506;3;Heat treatment;Печь термообработки 1;5;20;1;no;0,2
Корпус;Assembly_35;Part_00506;4;Grinding;Шлифовальный станок 1;2,67;16;3;no;0,78
Корпус;Assembly_35;Part_00506;5;Polishing;Полировальный станок 1;1,09;24;2;yes;1,29
Корпус;Assembly_35;Part_00774;1;Cutting;Ленточнопильный станок 1;1,22;16;2;no;0,53
Корпус;Assembly_35;Part_00774;2;Milling;Фрезерный станок 2;5,5;24;2;yes;0,67
Корпус;Assembly_35;Part_00774;3;Heat treatment;Печь термообработки 1;7,98;20;1;no;0,2
Корпус;Assembly_35;Part_00774;4;Grinding;Шлифовальный станок 1;2,3;16;3;no;0,78
Корпус;Assembly_37;Part_00135;1;Cutting;Ленточнопильный станок 2;1,34;16;2;yes;0,26
Корпус;Assembly_37;Part_00135;2;Turning;Токарный станок 1;4,06;20;2;yes;0,49
Корпус;Assembly_37;Part_00135;3;Heat treatment;Печь термообработки 1;7,64;20;1;no;0,2
Корпус;Assembly_37;Part_00135;4;Grinding;Шлифовальный станок 1;1,51;16;3;no;0,78
Корпус;Assembly_37;Part_00135;5;Polishing;Полировальный станок 1;0,88;24;2;yes;1,29
Корпус;Assembly_37;Part_00826;1;Casting;Литейная установка 1;3,73;;;;
Корпус;Assembly_37;Part_00826;2;Milling;Фрезерный станок 2;2,97;24;2;yes;0,67
Корпус;Assembly_37;Part_00826;3;Drilling;Сверлильный станок 1;1,48;16;3;yes;1,1
Корпус;Assembly_40;Part_00140;1;Forging;Кузнечный пресс 1;2,1;;;;
Корпус;Assembly_40;Part_00140;2;Turning;Токарный станок 2;2,06;16;3;no;1,26
Корпус;Assembly_40;Part_00140;3;Grinding;Шлифовальный станок 1;2,91;16;3;no;0,78
Корпус;Assembly_41;Part_00380;1;Cutting;Ленточнопильный станок 1;1,44;16;2;no;0,53
Корпус;Assembly_41;Part_00380;2;Milling;Фрезерный станок 2;4,28;24;2;yes;0,67
Корпус;Assembly_41;Part_00380;3;Drilling;Сверлильный станок 1;1,9;16;3;yes;1,1
Корпус;Assembly_41;Part_00380;4;Grinding;Шлифовальный станок 1;1,11;16;3;no;0,78
Корпус;Assembly_41;Part_00711;1;Forging;Кузнечный пресс 1;3,45;;;;
Корпус;Assembly_41;Part_00711;2;Turning;Токарный станок 1;2,25;20;2;yes;0,49
Корпус;Assembly_41;Part_00711;3;Grinding;Шлифовальный станок 1;1,43;16;3;no;0,78
Корпус;Assembly_42;Part_00834;1;Cutting;Ленточнопильный станок 1;0,65;16;2;no;0,53
Корпус;Assembly_42;Part_00834;2;Turning;Токарный станок 1;3,67;20;2;yes;0,49
Корпус;Assembly_42;Part_00834;3;Heat treatment;Печь термообработки 1;7,62;20;1;no;0,2
Корпус;Assembly_42;Part_00834;4;Grinding;Шлифовальный станок 1;1,34;16;3;no;0,78
Корпус;Assembly_42;Part_00834;5;Polishing;Полировальный станок 1;0,85;24;2;yes;1,29
Корпус;Assembly_44;Part_00395;1;Forging;Кузнечный пресс 1;2,57;;;;
Корпус;Assembly_44;Part_00395;2;Turning;Токарный станок 2;1,73;16;3;no;1,26
Корпус;Assembly_44;Part_00395;3;Grinding;Шлифовальный станок 1;1,9;16;3;no;0,78
Корпус;Assembly_49;Part_00154;1;Cutting;Ленточнопильный станок 2;1,05;16;2;yes;0,26
Корпус;Assembly_49;Part_00154;2;Turning;Токарный станок 1;1,76;20;2;yes;0,49
Корпус;Assembly_49;Part_00154;3;Heat treatment;Печь термообработки 1;7,52;20;1;no;0,2
Корпус;Assembly_49;Part_00154;4;Grinding;Шлифовальный станок 1;1,83;16;3;no;0,78
Корпус;Assembly_49;Part_00154;5;Polishing;Полировальный станок 1;0,78;24;2;yes;1,29
Корпус;Assembly_49;Part_00167;1;Cutting;Ленточнопильный станок 1;0,81;16;2;no;0,53
Корпус;Assembly_49;Part_00167;2;Milling;Фрезерный станок 1;3,3;16;1;no;1,44
Корпус;Assembly_49;Part_00167;3;Drilling;Сверлильный станок 1;1,38;16;3;yes;1,1
Корпус;Assembly_49;Part_00167;4;Grinding;Шлифовальный станок 1;1,42;16;3;no;0,78
Корпус;Assembly_49;Part_00254;1;Forging;Кузнечный пресс 1;2,57;;;;
Корпус;Assembly_49;Part_00254;2;Turning;Токарный станок 1;2,92;20;2;yes;0,49
Корпус;Assembly_49;Part_00254;3;Grinding;Шлифовальный станок 1;1,06;16;3;no;0,78
Корпус;Assembly_49;Part_00310;1;Casting;Литейная установка 1;2,99;;;;
Корпус;Assembly_49;Part_00310;2;Milling;Фрезерный станок 1;4,23;16;1;no;1,44
Корпус;Assembly_49;Part_00310;3;Drilling;Сверлильный станок 1;0,85;16;3;yes;1,1
Корпус;Assembly_5;Part_00589;1;Cutting;Ленточнопильный станок 2;0,74;16;2;yes;0,26
Корпус;Assembly_5;Part_00589;2;Turning;Токарный станок 1;2,42;20;2;yes;0,49
Корпус;Assembly_5;Part_00589;3;Heat treatment;Печь термообработки 1;6,18;20;1;no;0,2
Корпус;Assembly_5;Part_00589;4;Grinding;Шлифовальный станок 1;1,11;16;3;no;0,78
Корпус;Assembly_5;Part_00589;5;Polishing;Полировальный станок 1;0,63;24;2;yes;1,29
Корпус;Assembly_53;Part_01232;1;Casting;Литейная установка 1;3,39;;;;
Корпус;Assembly_53;Part_01232;2;Milling;Фрезерный станок 2;4,49;24;2;yes;0,67
Корпус;Assembly_53;Part_01232;3;Drilling;Сверлильный станок 1;0,94;16;3;yes;1,1
Корпус;Assembly_53;Part_01263;1;Cutting;Ленточнопильный станок 2;1,38;16;2;yes;0,26
Корпус;Assembly_53;Part_01263;2;Milling;Фрезерный станок 2;3,44;24;2;yes;0,67
Корпус;Assembly_53;Part_01263;3;Heat treatment;Печь термообработки 1;7,9;20;1;no;0,2
Корпус;Assembly_53;Part_01263;4;Grinding;Шлифовальный станок 1;1,58;16;3;no;0,78
Корпус;Assembly_54;Part_01302;1;Cutting;Ленточнопильный станок 1;1,06;16;2;no;0,53
Корпус;Assembly_54;Part_01302;2;Turning;Токарный станок 2;4,67;16;3;no;1,26
Корпус;Assembly_54;Part_01302;3;Heat treatment;Печь термообработки 1;7,41;20;1;no;0,2
Корпус;Assembly_54;Part_01302;4;Grinding;Шлифовальный станок 1;1,3;16;3;no;0,78
Корпус;Assembly_54;Part_01302;5;Polishing;Полировальный станок 1;1,13;24;2;yes;1,29
Корпус;Assembly_55;Part_01176;1;Casting;Литейная установка 1;3,96;;;;
Корпус;Assembly_55;Part_01176;2;Milling;Фрезерный станок 2;2,84;24;2;yes;0,67
Корпус;Assembly_55;Part_01176;3;Drilling;Сверлильный станок 1;1,03;16;3;yes;1,1
Корпус;Assembly_55;Part_01300;1;Cutting;Ленточнопильный станок 2;0,94;16;2;yes;0,26
Корпус;Assembly_55;Part_01300;2;Milling;Фрезерный станок 2;3,54;24;2;yes;0,67
Корпус;Assembly_55;Part_01300;3;Drilling;Сверлильный станок 1;1,55;16;3;yes;1,1
Корпус;Assembly_55;Part_01300;4;Grinding;Шлифовальный станок 1;1,9;16;3;no;0,78
Корпус;Assembly_56;Part_00620;1;Forging;Кузнечный пресс 1;3,93;;;;
Корпус;Assembly_56;Part_00620;2;Turning;Токарный станок 1;3,61;20;2;yes;0,49
Корпус;Assembly_56;Part_00620;3;Grinding;Шлифовальный станок 1;1,07;16;3;no;0,78
Корпус;Assembly_57;Part_00934;1;Casting;Литейная установка 1;4,74;;;;
Корпус;Assembly_57;Part_00934;2;Milling;Фрезерный станок 1;2,47;16;1;no;1,44
Корпус;Assembly_57;Part_00934;3;Drilling;Сверлильный станок 1;1,66;16;3;yes;1,1
Корпус;Assembly_57;Part_01189;1;Cutting;Ленточнопильный станок 1;1,37;16;2;no;0,53
Корпус;Assembly_57;Part_01189;2;Milling;Фрезерный станок 1;2,23;16;1;no;1,44
Корпус;Assembly_57;Part_01189;3;Heat treatment;Печь термообработки 1;7,43;20;1;no;0,2
Корпус;Assembly_57;Part_01189;4;Grinding;Шлифовальный станок 1;2,64;16;3;no;0,78
Корпус;Assembly_57;Part_01192;1;Casting;Литейная установка 1;2,82;;;;
Корпус;Assembly_57;Part_01192;2;Milling;Фрезерный станок 1;3,44;16;1;no;1,44
Корпус;Assembly_57;Part_01192;3;Drilling;Сверлильный станок 1;1,04;16;3;yes;1,1
Корпус;Assembly_60;Part_00120;1;Forging;Кузнечный пресс 1;2,82;;;;
Корпус;Assembly_60;Part_00120;2;Turning;Токарный станок 2;1,69;16;3;no;1,26
Корпус;Assembly_60;Part_00120;3;Grinding;Шлифовальный станок 1;2,56;16;3;no;0,78
Корпус;Assembly_60;Part_00211;1;Forging;Кузнечный пресс 1;2,93;;;;
Корпус;Assembly_60;Part_00211;2;Turning;Токарный станок 1;2,07;20;2;yes;0,49
Корпус;Assembly_60;Part_00211;3;Grinding;Шлифовальный станок 1;2,77;16;3;no;0,78
Корпус;Assembly_60;Part_00747;1;Cutting;Ленточнопильный станок 1;1,29;16;2;no;0,53
Корпус;Assembly_60;Part_00747;2;Turning;Токарный станок 2;3,54;16;3;no;1,26
Корпус;Assembly_60;Part_00747;3;Heat treatment;Печь термообработки 1;3,91;20;1;no;0,2
Корпус;Assembly_60;Part_00747;4;Grinding;Шлифовальный станок 1;2,45;16;3;no;0,78
Корпус;Assembly_60;Part_00747;5;Polishing;Полировальный станок 1;1,32;24;2;yes;1,29
Корпус;Assembly_7;Part_00833;1;Cutting;Ленточнопильный станок 2;0,84;16;2;yes;0,26
Корпус;Assembly_7;Part_00833;2;Milling;Фрезерный станок 2;4,27;24;2;yes;0,67
Корпус;Assembly_7;Part_00833;3;Heat treatment;Печь термообработки 1;4,4;20;1;no;0,2
Корпус;Assembly_7;Part_00833;4;Grinding;Шлифовальный станок 1;1,14;16;3;no;0,78
Корпус;Assembly_8;Part_00475;1;Forging;Кузнечный пресс 1;3,91;;;;
Корпус;Assembly_8;Part_00475;2;Turning;Токарный станок 2;3,26;16;3;no;1,26
Корпус;Assembly_8;Part_00475;3;Grinding;Шлифовальный станок 1;1,65;16;3;no;0,78
Корпус;Assembly_8;Part_00696;1;Casting;Литейная установка 1;3,15;;;;
Корпус;Assembly_8;Part_00696;2;Milling;Фрезерный станок 1;2,66;16;1;no;1,44
Корпус;Assembly_8;Part_00696;3;Drilling;Сверлильный станок 1;1,6;16;3;yes;1,1
Корпус;Assembly_8;Part_01133;1;Cutting;Ленточнопильный станок 2;0,92;16;2;yes;0,26
Корпус;Assembly_8;Part_01133;2;Turning;Токарный станок 2;3,41;16;3;no;1,26
Корпус;Assembly_8;Part_01133;3;Heat treatment;Печь термообработки 1;6,74;20;1;no;0,2
Корпус;Assembly_8;Part_01133;4;Grinding;Шлифовальный станок 1;1,84;16;3;no;0,78
Корпус;Assembly_8;Part_01133;5;Polishing;Полировальный станок 1;1,08;24;2;yes;1,29
Обтекатель;Assembly_11;Part_00688;1;Cutting;Ленточнопильный станок 2;1,37;16;2;yes;0,26
Обтекатель;Assembly_12;Part_00196;1;Casting;Литейная установка 1;2,68;;;;
Обтекатель;Assembly_12;Part_00968;1;Forging;Кузнечный пресс 1;3,09;;;;
Обтекатель;Assembly_15;Part_00016;1;Forging;Кузнечный пресс 1;2,79;;;;
Обтекатель;Assembly_15;Part_00160;1;Cutting;Ленточнопильный станок 1;1,02;16;2;no;0,53
Обтекатель;Assembly_15;Part_00807;1;Casting;Литейная установка 1;2,8;;;;
Обтекатель;Assembly_19;Part_00364;1;Casting;Литейная установка 1;3,75;;;;
Обтекатель;Assembly_19;Part_01081;1;Forging;Кузнечный пресс 1;3,86;;;;
Обтекатель;Assembly_19;Part_01111;1;Cutting;Ленточнопильный станок 1;1,1;16;2;no;0,53
Обтекатель;Assembly_2;Part_00705;1;Cutting;Ленточнопильный станок 1;0,87;16;2;no;0,53
Обтекатель;Assembly_20;Part_00015;1;Cutting;Ленточнопильный станок 2;0,84;16;2;yes;0,26
Обтекатель;Assembly_20;Part_00469;1;Cutting;Ленточнопильный станок 2;0,65;16;2;yes;0,26
Обтекатель;Assembly_22;Part_00752;1;Cutting;Ленточнопильный станок 2;0,8;16;2;yes;0,26
Обтекатель;Assembly_23;Part_00059;1;Cutting;Ленточнопильный станок 2;1,3;16;2;yes;0,26
Обтекатель;Assembly_23;Part_00951;1;Cutting;Ленточнопильный станок 1;0,87;16;2;no;0,53
Обтекатель;Assembly_25;Part_00071;1;Cutting;Ленточнопильный станок 1;1,38;16;2;no;0,53
Обтекатель;Assembly_25;Part_00220;1;Cutting;Ленточнопильный станок 2;1,1;16;2;yes;0,26
Обтекатель;Assembly_25;Part_00625;1;Cutting;Ленточнопильный станок 1;0,98;16;2;no;0,53
Обтекатель;Assembly_26;Part_00504;1;Forging;Кузнечный пресс 1;3,31;;;;
Обтекатель;Assembly_27;Part_00584;1;Forging;Кузнечный пресс 1;2,59;;;;
Обтекатель;Assembly_28;Part_00149;1;Forging;Кузнечный пресс 1;3,18;;;;
Обтекатель;Assembly_28;Part_00473;1;Cutting;Ленточнопильный станок 1;0,67;16;2;no;0,53
Обтекатель;Assembly_28;Part_00533;1;Cutting;Ленточнопильный станок 2;0,69;16;2;yes;0,26
Обтекатель;Assembly_29;Part_00966;1;Cutting;Ленточнопильный станок 1;1,13;16;2;no;0,53
Обтекатель;Assembly_3;Part_00072;1;Casting;Литейная установка 1;3,57;;;;
Обтекатель;Assembly_3;Part_01107;1;Cutting;Ленточнопильный станок 1;0,78;16;2;no;0,53
Обтекатель;Assembly_30;Part_00281;1;Casting;Литейная установка 1;2,71;;;;
Обтекатель;Assembly_30;Part_01265;1;Forging;Кузнечный пресс 1;2,15;;;;
Обтекатель;Assembly_31;Part_00248;1;Cutting;Ленточнопильный станок 2;0,76;16;2;yes;0,26
Обтекатель;Assembly_35;Part_00119;1;Cutting;Ленточнопильный станок 1;1,42;16;2;no;0,53
Обтекатель;Assembly_35;Part_00675;1;Cutting;Ленточнопильный станок 1;0,7;16;2;no;0,53
Обтекатель;Assembly_35;Part_00689;1;Cutting;Ленточнопильный станок 1;1,01;16;2;no;0,53
Обтекатель;Assembly_35;Part_00882;1;Forging;Кузнечный пресс 1;2,28;;;;
Обтекатель;Assembly_36;Part_00895;1;Cutting;Ленточнопильный станок 1;0,87;16;2;no;0,53
Обтекатель;Assembly_37;Part_00278;1;Casting;Литейная установка 1;2,97;;;;
Обтекатель;Assembly_39;Part_00952;1;Forging;Кузнечный пресс 1;3,75;;;;
Обтекатель;Assembly_4;Part_01296;1;Cutting;Ленточнопильный станок 1;0,63;16;2;no;0,53
Обтекатель;Assembly_40;Part_00510;1;Cutting;Ленточнопильный станок 2;1,43;16;2;yes;0,26
Обтекатель;Assembly_41;Part_00297;1;Cutting;Ленточнопильный станок 2;1,14;16;2;yes;0,26
Обтекатель;Assembly_41;Part_00755;1;Cutting;Ленточнопильный станок 1;0,58;16;2;no;0,53
Обтекатель;Assembly_43;Part_01268;1;Casting;Литейная установка 1;2,43;;;;
Обтекатель;Assembly_45;Part_00687;1;Cutting;Ленточнопильный станок 2;0,92;16;2;yes;0,26
Обтекатель;Assembly_46;Part_00394;1;Cutting;Ленточнопильный станок 2;0,93;16;2;yes;0,26
Обтекатель;Assembly_46;Part_00745;1;Cutting;Ленточнопильный станок 1;1,09;16;2;no;0,53
Обтекатель;Assembly_48;Part_00078;1;Forging;Кузнечный пресс 1;2,18;;;;
Обтекатель;Assembly_5;Part_00295;1;Cutting;Ленточнопильный станок 1;0,68;16;2;no;0,53
Обтекатель;Assembly_51;Part_00040;1;Forging;Кузнечный пресс 1;3,95;;;;
Обтекатель;Assembly_51;Part_00680;1;Cutting;Ленточнопильный станок 2;0,79;16;2;yes;0,26
Обтекатель;Assembly_52;Part_00421;1;Cutting;Ленточнопильный станок 2;0,98;16;2;yes;0,26
Обтекатель;Assembly_52;Part_00597;1;Cutting;Ленточнопильный станок 2;1,19;16;2;yes;0,26
Обтекатель;Assembly_52;Part_00605;1;Forging;Кузнечный пресс 1;3,01;;;;
Обтекатель;Assembly_52;Part_01323;1;Cutting;Ленточнопильный станок 2;0,76;16;2;yes;0,26
Обтекатель;Assembly_56;Part_00308;1;Cutting;Ленточнопильный станок 1;1,24;16;2;no;0,53
Обтекатель;Assembly_7;Part_00783;1;Forging;Кузнечный пресс 1;3,87;;;;
Обтекатель;Assembly_9;Part_00367;1;Cutting;Ленточнопильный станок 2;0,85;16;2;yes;0,26
Обтекатель;Assembly_11;Part_00688;2;Turning;Токарный станок 2;3,93;16;3;no;1,26
Обтекатель;Assembly_12;Part_00196;2;Milling;Фрезерный станок 2;5,34;24;2;yes;0,67
Обтекатель;Assembly_12;Part_00968;2;Turning;Токарный станок 1;4,67;20;2;yes;0,49
Обтекатель;Assembly_15;Part_00016;2;Turning;Токарный станок 1;4,02;20;2;yes;0,49
Обтекатель;Assembly_15;Part_00160;2;Milling;Фрезерный станок 1;2,14;16;1;no;1,44
Обтекатель;Assembly_15;Part_00807;2;Milling;Фрезерный станок 2;3,88;24;2;yes;0,67
Обтекатель;Assembly_19;Part_00364;2;Milling;Фрезерный станок 2;5,34;24;2;yes;0,67
Обтекатель;Assembly_19;Part_01081;2;Turning;Токарный станок 1;3,69;20;2;yes;0,49
Обтекатель;Assembly_19;Part_01111;2;Turning;Токарный станок 1;2,91;20;2;yes;0,49
Обтекатель;Assembly_2;Part_00705;2;Milling;Фрезерный станок 2;2,18;24;2;yes;0,67
Обтекатель;Assembly_20;Part_00015;2;Milling;Фрезерный станок 1;3,03;16;1;no;1,44
Обтекатель;Assembly_20;Part_00469;2;Turning;Токарный станок 1;2,14;20;2;yes;0,49
Обтекатель;Assembly_22;Part_00752;2;Milling;Фрезерный станок 1;4,88;16;1;no;1,44
Обтекатель;Assembly_23;Part_00059;2;Milling;Фрезерный станок 2;5,5;24;2;yes;0,67
Обтекатель;Assembly_23;Part_00951;2;Milling;Фрезерный станок 1;2,34;16;1;no;1,44
Обтекатель;Assembly_25;Part_00071;2;Milling;Фрезерный станок 1;4,26;16;1;no;1,44
Обтекатель;Assembly_25;Part_00220;2;Turning;Токарный станок 1;2,32;20;2;yes;0,49
Обтекатель;Assembly_25;Part_00625;2;Milling;Фрезерный станок 2;5,31;24;2;yes;0,67
Обтекатель;Assembly_26;Part_00504;2;Turning;Токарный станок 1;4,45;20;2;yes;0,49
Обтекатель;Assembly_27;Part_00584;2;Turning;Токарный станок 1;2,71;20;2;yes;0,49
Обтекатель;Assembly_28;Part_00149;2;Turning;Токарный станок 2;4,28;16;3;no;1,26
Обтекатель;Assembly_28;Part_00473;2;Turning;Токарный станок 2;1,68;16;3;no;1,26
Обтекатель;Assembly_28;Part_00533;2;Turning;Токарный станок 2;2,17;16;3;no;1,26
Обтекатель;Assembly_29;Part_00966;2;Turning;Токарный станок 1;4,19;20;2;yes;0,49
Обтекатель;Assembly_3;Part_00072;2;Milling;Фрезерный станок 1;2,17;16;1;no;1,44
Обтекатель;Assembly_3;Part_01107;2;Milling;Фрезерный станок 1;2,83;16;1;no;1,44
Обтекатель;Assembly_30;Part_00281;2;Milling;Фрезерный станок 1;3,38;16;1;no;1,44
Обтекатель;Assembly_30;Part_01265;2;Turning;Токарный станок 2;2,46;16;3;no;1,26
Обтекатель;Assembly_31;Part_00248;2;Milling;Фрезерный станок 2;5,98;24;2;yes;0,67
Обтекатель;Assembly_35;Part_00119;2;Milling;Фрезерный станок 1;3,52;16;1;no;1,44
Обтекатель;Assembly_35;Part_00675;2;Milling;Фрезерный станок 1;3,31;16;1;no;1,44
Обтекатель;Assembly_35;Part_00689;2;Turning;Токарный станок 1;4,89;20;2;yes;0,49
Обтекатель;Assembly_35;Part_00882;2;Turning;Токарный станок 1;4,97;20;2;yes;0,49
Обтекатель;Assembly_36;Part_00895;2;Milling;Фрезерный станок 2;5,07;24;2;yes;0,67
Обтекатель;Assembly_37;Part_00278;2;Milling;Фрезерный станок 1;2,88;16;1;no;1,44
Обтекатель;Assembly_39;Part_00952;2;Turning;Токарный станок 1;4,73;20;2;yes;0,49
Обтекатель;Assembly_4;Part_01296;2;Turning;Токарный станок 1;2,16;20;2;yes;0,49
Обтекатель;Assembly_40;Part_00510;2;Turning;Токарный станок 1;2,83;20;2;yes;0,49
Обтекатель;Assembly_41;Part_00297;2;Milling;Фрезерный станок 2;3,38;24;2;yes;0,67
Обтекатель;Assembly_41;Part_00755;2;Turning;Токарный станок 1;2,15;20;2;yes;0,49
Обтекатель;Assembly_43;Part_01268;2;Milling;Фрезерный станок 1;4,94;16;1;no;1,44
Обтекатель;Assembly_45;Part_00687;2;Milling;Фрезерный станок 2;3,38;24;2;yes;0,67
Обтекатель;Assembly_46;Part_00394;2;Turning;Токарный станок 2;3,03;16;3;no;1,26
Обтекатель;Assembly_46;Part_00745;2;Turning;Токарный станок 1;4,12;20;2;yes;0,49
Обтекатель;Assembly_48;Part_00078;2;Turning;Токарный станок 2;1,8;16;3;no;1,26
Обтекатель;Assembly_5;Part_00295;2;Milling;Фрезерный станок 1;4,88;16;1;no;1,44
Обтекатель;Assembly_51;Part_00040;2;Turning;Токарный станок 1;1,72;20;2;yes;0,49
Обтекатель;Assembly_51;Part_00680;2;Milling;Фрезерный станок 2;5,34;24;2;yes;0,67
Обтекатель;Assembly_52;Part_00421;2;Milling;Фрезерный станок 1;5,5;16;1;no;1,44
Обтекатель;Assembly_52;Part_00597;2;Turning;Токарный станок 2;2,54;16;3;no;1,26
Обтекатель;Assembly_52;Part_00605;2;Turning;Токарный станок 2;3,73;16;3;no;1,26
Обтекатель;Assembly_52;Part_01323;2;Milling;Фрезерный станок 1;2,74;16;1;no;1,44
Обтекатель;Assembly_56;Part_00308;2;Milling;Фрезерный станок 2;4,37;24;2;yes;0,67
Обтекатель;Assembly_7;Part_00783;2;Turning;Токарный станок 1;1,57;20;2;yes;0,49
Обтекатель;Assembly_9;Part_00367;2;Turning;Токарный станок 2;1,64;16;3;no;1,26
Обтекатель;Assembly_11;Part_00688;3;Heat treatment;Печь термообработки 1;5,65;20;1;no;0,2
Обтекатель;Assembly_12;Part_00196;3;Drilling;Сверлильный станок 1;1,8;16;3;yes;1,1
Обтекатель;Assembly_12;Part_00968;3;Grinding;Шлифовальный станок 1;1,29;16;3;no;0,78
Обтекатель;Assembly_15;Part_00016;3;Grinding;Шлифовальный станок 1;1,89;16;3;no;0,78
Обтекатель;Assembly_15;Part_00160;3;Drilling;Сверлильный станок 1;0,81;16;3;yes;1,1
Обтекатель;Assembly_15;Part_00807;3;Drilling;Сверлильный станок 1;1,67;16;3;yes;1,1
Обтекатель;Assembly_19;Part_00364;3;Drilling;Сверлильный станок 1;0,64;16;3;yes;1,1
Обтекатель;Assembly_19;Part_01081;3;Grinding;Шлифовальный станок 1;1,86;16;3;no;0,78
Обтекатель;Assembly_19;Part_01111;3;Heat treatment;Печь термообработки 1;6,31;20;1;no;0,2
Обтекатель;Assembly_2;Part_00705;3;Drilling;Сверлильный станок 1;0,83;16;3;yes;1,1
Обтекатель;Assembly_20;Part_00015;3;Drilling;Сверлильный станок 1;1,85;16;3;yes;1,1
Обтекатель;Assembly_20;Part_00469;3;Heat treatment;Печь термообработки 1;4,28;20;1;no;0,2
Обтекатель;Assembly_22;Part_00752;3;Drilling;Сверлильный станок 1;1,14;16;3;yes;1,1
Обтекатель;Assembly_23;Part_00059;3;Heat treatment;Печь термообработки 1;3,76;20;1;no;0,2
Обтекатель;Assembly_23;Part_00951;3;Heat treatment;Печь термообработки 1;5,69;20;1;no;0,2
Обтекатель;Assembly_25;Part_00071;3;Drilling;Сверлильный станок 1;0,69;16;3;yes;1,1
Обтекатель;Assembly_25;Part_00220;3;Heat treatment;Печь термообработки 1;4,92;20;1;no;0,2
Обтекатель;Assembly_25;Part_00625;3;Drilling;Сверлильный станок 1;0,77;16;3;yes;1,1
Обтекатель;Assembly_26;Part_00504;3;Grinding;Шлифовальный станок 1;1,84;16;3;no;0,78
Обтекатель;Assembly_27;Part_00584;3;Grinding;Шлифовальный станок 1;1,36;16;3;no;0,78
Обтекатель;Assembly_28;Part_00149;3;Grinding;Шлифовальный станок 1;1,13;16;3;no;0,78
Обтекатель;Assembly_28;Part_00473;3;Heat treatment;Печь термообработки 1;6,54;20;1;no;0,2
Обтекатель;Assembly_28;Part_00533;3;Heat treatment;Печь термообработки 1;7,02;20;1;no;0,2
Обтекатель;Assembly_29;Part_00966;3;Heat treatment;Печь термообработки 1;5,97;20;1;no;0,2
Обтекатель;Assembly_3;Part_00072;3;Drilling;Сверлильный станок 1;1,67;16;3;yes;1,1
Обтекатель;Assembly_3;Part_01107;3;Drilling;Сверлильный станок 1;1,69;16;3;yes;1,1
Обтекатель;Assembly_30;Part_00281;3;Drilling;Сверлильный станок 1;0,53;16;3;yes;1,1
Обтекатель;Assembly_30;Part_01265;3;Grinding;Шлифовальный станок 1;1,41;16;3;no;0,78
Обтекатель;Assembly_31;Part_00248;3;Heat treatment;Печь термообработки 1;6,99;20;1;no;0,2
Обтекатель;Assembly_35;Part_00119;3;Heat treatment;Печь термообработки 1;5,3;20;1;no;0,2
Обтекатель;Assembly_35;Part_00675;3;Heat treatment;Печь термообработки 1;5,91;20;1;no;0,2
Обтекатель;Assembly_35;Part_00689;3;Heat treatment;Печь термообработки 1;6,56;20;1;no;0,2
Обтекатель;Assembly_35;Part_00882;3;Grinding;Шлифовальный станок 1;2,52;16;3;no;0,78
Обтекатель;Assembly_36;Part_00895;3;Drilling;Сверлильный станок 1;1,51;16;3;yes;1,1
Обтекатель;Assembly_37;Part_00278;3;Drilling;Сверлильный станок 1;0,76;16;3;yes;1,1
Обтекатель;Assembly_39;Part_00952;3;Grinding;Шлифовальный станок 1;1,83;16;3;no;0,78
Обтекатель;Assembly_4;Part_01296;3;Heat treatment;Печь термообработки 1;6,06;20;1;no;0,2
Обтекатель;Assembly_40;Part_00510;3;Heat treatment;Печь термообработки 1;3,08;20;1;no;0,2
Обтекатель;Assembly_41;Part_00297;3;Heat treatment;Печь термообработки 1;6,47;20;1;no;0,2
Обтекатель;Assembly_41;Part_00755;3;Heat treatment;Печь термообработки 1;3,92;20;1;no;0,2
Обтекатель;Assembly_43;Part_01268;3;Drilling;Сверлильный станок 1;0,95;16;3;yes;1,1
Обтекатель;Assembly_45;Part_00687;3;Heat treatment;Печь термообработки 1;3,31;20;1;no;0,2
Обтекатель;Assembly_46;Part_00394;3;Heat treatment;Печь термообработки 1;7,28;20;1;no;0,2
Обтекатель;Assembly_46;Part_00745;3;Heat treatment;Печь термообработки 1;3,7;20;1;no;0,2
Обтекатель;Assembly_48;Part_00078;3;Grinding;Шлифовальный станок 1;2,72;16;3;no;0,78
Обтекатель;Assembly_5;Part_00295;3;Drilling;Сверлильный станок 1;1,57;16;3;yes;1,1
Обтекатель;Assembly_51;Part_00040;3;Grinding;Шлифовальный станок 1;2,16;16;3;no;0,78
Обтекатель;Assembly_51;Part_00680;3;Heat treatment;Печь термообработки 1;4,03;20;1;no;0,2
Обтекатель;Assembly_52;Part_00421;3;Drilling;Сверлильный станок 1;1,2;16;3;yes;1,1
Обтекатель;Assembly_52;Part_00597;3;Heat treatment;Печь термообработки 1;4,86;20;1;no;0,2
Обтекатель;Assembly_52;Part_00605;3;Grinding;Шлифовальный станок 1;2,54;16;3;no;0,78
Обтекатель;Assembly_52;Part_01323;3;Drilling;Сверлильный станок 1;1,44;16;3;yes;1,1
Обтекатель;Assembly_56;Part_00308;3;Drilling;Сверлильный станок 1;1,19;16;3;yes;1,1
Обтекатель;Assembly_7;Part_00783;3;Grinding;Шлифовальный станок 1;1,31;16;3;no;0,78
Обтекатель;Assembly_9;Part_00367;3;Heat treatment;Печь термообработки 1;4,53;20;1;no;0,2
Обтекатель;Assembly_11;Part_00688;4;Grinding;Шлифовальный станок 1;1,13;16;3;no;0,78
Обтекатель;Assembly_15;Part_00160;4;Grinding;Шлифовальный станок 1;1,49;16;3;no;0,78
Обтекатель;Assembly_19;Part_01111;4;Grinding;Шлифовальный станок 1;2,46;16;3;no;0,78
Обтекатель;Assembly_2;Part_00705;4;Grinding;Шлифовальный станок 1;1,4;16;3;no;0,78
Обтекатель;Assembly_20;Part_00015;4;Grinding;Шлифовальный станок 1;2,93;16;3;no;0,78
Обтекатель;Assembly_20;Part_00469;4;Grinding;Шлифовальный станок 1;1,78;16;3;no;0,78
Обтекатель;Assembly_22;Part_00752;4;Grinding;Шлифовальный станок 1;1,34;16;3;no;0,78
Обтекатель;Assembly_23;Part_00059;4;Grinding;Шлифовальный станок 1;1,97;16;3;no;0,78
Обтекатель;Assembly_23;Part_00951;4;Grinding;Шлифовальный станок 1;1,5;16;3;no;0,78
Обтекатель;Assembly_25;Part_00071;4;Grinding;Шлифовальный станок 1;2,3;16;3;no;0,78
Обтекатель;Assembly_25;Part_00220;4;Grinding;Шлифовальный станок 1;1,19;16;3;no;0,78
Обтекатель;Assembly_25;Part_00625;4;Grinding;Шлифовальный станок 1;2,67;16;3;no;0,78
Обтекатель;Assembly_28;Part_00473;4;Grinding;Шлифовальный станок 1;2,94;16;3;no;0,78
Обтекатель;Assembly_28;Part_00533;4;Grinding;Шлифовальный станок 1;1,49;16;3;no;0,78
Обтекатель;Assembly_29;Part_00966;4;Grinding;Шлифовальный станок 1;1,17;16;3;no;0,78
Обтекатель;Assembly_3;Part_01107;4;Grinding;Шлифовальный станок 1;2,15;16;3;no;0,78
Обтекатель;Assembly_31;Part_00248;4;Grinding;Шлифовальный станок 1;2,33;16;3;no;0,78
Обтекатель;Assembly_35;Part_00119;4;Grinding;Шлифовальный станок 1;2,2;16;3;no;0,78
Обтекатель;Assembly_35;Part_00675;4;Grinding;Шлифовальный станок 1;2,02;16;3;no;0,78
Обтекатель;Assembly_35;Part_00689;4;Grinding;Шлифовальный станок 1;1,75;16;3;no;0,78
Обтекатель;Assembly_36;Part_00895;4;Grinding;Шлифовальный станок 1;1,46;16;3;no;0,78
Обтекатель;Assembly_4;Part_01296;4;Grinding;Шлифовальный станок 1;1,11;16;3;no;0,78
Обтекатель;Assembly_40;Part_00510;4;Grinding;Шлифовальный станок 1;2,82;16;3;no;0,78
Обтекатель;Assembly_41;Part_00297;4;Grinding;Шлифовальный станок 1;1,63;16;3;no;0,78
Обтекатель;Assembly_41;Part_00755;4;Grinding;Шлифовальный станок 1;1,15;16;3;no;0,78
Обтекатель;Assembly_45;Part_00687;4;Grinding;Шлифовальный станок 1;1,26;16;3;no;0,78
Обтекатель;Assembly_46;Part_00394;4;Grinding;Шлифовальный станок 1;1,41;16;3;no;0,78
Обтекатель;Assembly_46;Part_00745;4;Grinding;Шлифовальный станок 1;2,38;16;3;no;0,78
Обтекатель;Assembly_5;Part_00295;4;Grinding;Шлифовальный станок 1;2,4;16;3;no;0,78
Обтекатель;Assembly_51;Part_00680;4;Grinding;Шлифовальный станок 1;1,08;16;3;no;0,78
Обтекатель;Assembly_52;Part_00421;4;Grinding;Шлифовальный станок 1;1,42;16;3;no;0,78
Обтекатель;Assembly_52;Part_00597;4;Grinding;Шлифовальный станок 1;1,22;16;3;no;0,78
Обтекатель;Assembly_56;Part_00308;4;Grinding;Шлифовальный станок 1;2,62;16;3;no;0,78
Обтекатель;Assembly_9;Part_00367;4;Grinding;Шлифовальный станок 1;2,5;16;3;no;0,78
Обтекатель;Assembly_11;Part_00688;5;Polishing;Полировальный станок 1;1,34;24;2;yes;1,29
Обтекатель;Assembly_19;Part_01111;5;Polishing;Полировальный станок 1;0,7;24;2;yes;1,29
Обтекатель;Assembly_20;Part_00469;5;Polishing;Полировальный станок 1;1,25;24;2;yes;1,29
Обтекатель;Assembly_25;Part_00220;5;Polishing;Полировальный станок 1;1,31;24;2;yes;1,29
Обтекатель;Assembly_28;Part_00473;5;Polishing;Полировальный станок 1;0,74;24;2;yes;1,29
Обтекатель;Assembly_28;Part_00533;5;Polishing;Полировальный станок 1;1,38;24;2;yes;1,29
Обтекатель;Assembly_29;Part_00966;5;Polishing;Полировальный станок 1;0,71;24;2;yes;1,29
Обтекатель;Assembly_35;Part_00689;5;Polishing;Полировальный станок 1;1,22;24;2;yes;1,29
Обтекатель;Assembly_4;Part_01296;5;Polishing;Полировальный станок 1;0,56;24;2;yes;1,29
Обтекатель;Assembly_40;Part_00510;5;Polishing;Полировальный станок 1;0,91;24;2;yes;1,29
Обтекатель;Assembly_41;Part_00755;5;Polishing;Полировальный станок 1;1,45;24;2;yes;1,29
Обтекатель;Assembly_46;Part_00394;5;Polishing;Полировальный станок 1;1,08;24;2;yes;1,29
Обтекатель;Assembly_46;Part_00745;5;Polishing;Полировальный станок 1;0,5;24;2;yes;1,29
Обтекатель;Assembly_52;Part_00597;5;Polishing;Полировальный станок 1;0,84;24;2;yes;1,29
Обтекатель;Assembly_9;Part_00367;5;Polishing;Полировальный станок 1;1,02;24;2;yes;1,29
Панель управления;Assembly_10;Part_01010;1;Cutting;Ленточнопильный станок 1;0,76;16;2;no;0,53
Панель управления;Assembly_10;Part_01010;2;Milling;Фрезерный станок 1;4,71;16;1;no;1,44
Панель управления;Assembly_10;Part_01010;3;Drilling;Сверлильный станок 1;1,02;16;3;yes;1,1
Панель управления;Assembly_10;Part_01010;4;Grinding;Шлифовальный станок 1;2,97;16;3;no;0,78
Панель управления;Assembly_11;Part_00734;1;Cutting;Ленточнопильный станок 1;1,43;16;2;no;0,53
Панель управления;Assembly_11;Part_00734;2;Milling;Фрезерный станок 1;2,99;16;1;no;1,44
Панель управления;Assembly_11;Part_00734;3;Drilling;Сверлильный станок 1;2;16;3;yes;1,1
Панель управления;Assembly_11;Part_00734;4;Grinding;Шлифовальный станок 1;2,94;16;3;no;0,78
Панель управления;Assembly_12;Part_00205;1;Casting;Литейная установка 1;2,7;;;;
Панель управления;Assembly_12;Part_00205;2;Milling;Фрезерный станок 2;3,87;24;2;yes;0,67
Панель управления;Assembly_12;Part_00205;3;Drilling;Сверлильный станок 1;0,75;16;3;yes;1,1
Панель управления;Assembly_12;Part_00691;1;Cutting;Ленточнопильный станок 1;0,92;16;2;no;0,53
Панель управления;Assembly_12;Part_00691;2;Turning;Токарный станок 2;3,35;16;3;no;1,26
Панель управления;Assembly_12;Part_00691;3;Heat treatment;Печь термообработки 1;6,85;20;1;no;0,2
Панель управления;Assembly_12;Part_00691;4;Grinding;Шлифовальный станок 1;1,56;16;3;no;0,78
Панель управления;Assembly_12;Part_00691;5;Polishing;Полировальный станок 1;1,06;24;2;yes;1,29
Панель управления;Assembly_13;Part_00870;1;Cutting;Ленточнопильный станок 2;0,71;16;2;yes;0,26
Панель управления;Assembly_13;Part_00870;2;Turning;Токарный станок 2;2,06;16;3;no;1,26
Панель управления;Assembly_13;Part_00870;3;Heat treatment;Печь термообработки 1;7,18;20;1;no;0,2
Панель управления;Assembly_13;Part_00870;4;Grinding;Шлифовальный станок 1;1,79;16;3;no;0,78
Панель управления;Assembly_13;Part_00870;5;Polishing;Полировальный станок 1;1,27;24;2;yes;1,29
Панель управления;Assembly_13;Part_01271;1;Cutting;Ленточнопильный станок 2;0,76;16;2;yes;0,26
Панель управления;Assembly_13;Part_01271;2;Turning;Токарный станок 2;3,72;16;3;no;1,26
Панель управления;Assembly_13;Part_01271;3;Heat treatment;Печь термообработки 1;4,72;20;1;no;0,2
Панель управления;Assembly_13;Part_01271;4;Grinding;Шлифовальный станок 1;1,41;16;3;no;0,78
Панель управления;Assembly_13;Part_01271;5;Polishing;Полировальный станок 1;0,76;24;2;yes;1,29
Панель управления;Assembly_14;Part_00446;1;Casting;Литейная установка 1;2,37;;;;
Панель управления;Assembly_14;Part_00446;2;Milling;Фрезерный станок 2;2,57;24;2;yes;0,67
Панель управления;Assembly_14;Part_00446;3;Drilling;Сверлильный станок 1;1,8;16;3;yes;1,1
Панель управления;Assembly_16;Part_00259;1;Cutting;Ленточнопильный станок 1;0,58;16;2;no;0,53
Панель управления;Assembly_16;Part_00259;2;Turning;Токарный станок 2;2,21;16;3;no;1,26
Панель управления;Assembly_16;Part_00259;3;Heat treatment;Печь термообработки 1;7,07;20;1;no;0,2
Панель управления;Assembly_16;Part_00259;4;Grinding;Шлифовальный станок 1;1,63;16;3;no;0,78
Панель управления;Assembly_16;Part_00259;5;Polishing;Полировальный станок 1;0,66;24;2;yes;1,29
Панель управления;Assembly_19;Part_00709;1;Cutting;Ленточнопильный станок 2;0,8;16;2;yes;0,26
Панель управления;Assembly_19;Part_00709;2;Milling;Фрезерный станок 2;3,9;24;2;yes;0,67
Панель управления;Assembly_19;Part_00709;3;Heat treatment;Печь термообработки 1;7,01;20;1;no;0,2
Панель управления;Assembly_19;Part_00709;4;Grinding;Шлифовальный станок 1;2,19;16;3;no;0,78
Панель управления;Assembly_2;Part_01066;1;Cutting;Ленточнопильный станок 1;0,51;16;2;no;0,53
Панель управления;Assembly_2;Part_01066;2;Milling;Фрезерный станок 1;4,54;16;1;no;1,44
Панель управления;Assembly_2;Part_01066;3;Drilling;Сверлильный станок 1;1,85;16;3;yes;1,1
Панель управления;Assembly_2;Part_01066;4;Grinding;Шлифовальный станок 1;1,71;16;3;no;0,78
Панель управления;Assembly_2;Part_01247;1;Cutting;Ленточнопильный станок 1;0,5;16;2;no;0,53
Панель управления;Assembly_2;Part_01247;2;Turning;Токарный станок 2;2,47;16;3;no;1,26
Панель управления;Assembly_2;Part_01247;3;Heat treatment;Печь термообработки 1;7,84;20;1;no;0,2
Панель управления;Assembly_2;Part_01247;4;Grinding;Шлифовальный станок 1;2,35;16;3;no;0,78
Панель управления;Assembly_2;Part_01247;5;Polishing;Полировальный станок 1;0,68;24;2;yes;1,29
Панель управления;Assembly_20;Part_00924;1;Cutting;Ленточнопильный станок 2;0,72;16;2;yes;0,26
Панель управления;Assembly_20;Part_00924;2;Milling;Фрезерный станок 2;3,81;24;2;yes;0,67
Панель управления;Assembly_20;Part_00924;3;Drilling;Сверлильный станок 1;1,61;16;3;yes;1,1
Панель управления;Assembly_20;Part_00924;4;Grinding;Шлифовальный станок 1;1,83;16;3;no;0,78
Панель управления;Assembly_20;Part_01259;1;Forging;Кузнечный пресс 1;3,56;;;;
Панель управления;Assembly_20;Part_01259;2;Turning;Токарный станок 1;4,06;20;2;yes;0,49
Панель управления;Assembly_20;Part_01259;3;Grinding;Шлифовальный станок 1;2,88;16;3;no;0,78
Панель управления;Assembly_22;Part_00273;1;Cutting;Ленточнопильный станок 2;0,99;16;2;yes;0,26
Панель управления;Assembly_22;Part_00273;2;Milling;Фрезерный станок 2;3,73;24;2;yes;0,67
Панель управления;Assembly_22;Part_00273;3;Drilling;Сверлильный станок 1;1,77;16;3;yes;1,1
Панель управления;Assembly_22;Part_00273;4;Grinding;Шлифовальный станок 1;1,52;16;3;no;0,78
Панель управления;Assembly_22;Part_00471;1;Forging;Кузнечный пресс 1;2,5;;;;
Панель управления;Assembly_22;Part_00471;2;Turning;Токарный станок 1;4,56;20;2;yes;0,49
Панель управления;Assembly_22;Part_00471;3;Grinding;Шлифовальный станок 1;1,51;16;3;no;0,78
Панель управления;Assembly_23;Part_00493;1;Forging;Кузнечный пресс 1;2,18;;;;
Панель управления;Assembly_23;Part_00493;2;Turning;Токарный станок 2;2,82;16;3;no;1,26
Панель управления;Assembly_23;Part_00493;3;Grinding;Шлифовальный станок 1;1,15;16;3;no;0,78
Панель управления;Assembly_24;Part_00767;1;Cutting;Ленточнопильный станок 2;0,92;16;2;yes;0,26
Панель управления;Assembly_24;Part_00767;2;Milling;Фрезерный станок 2;5,33;24;2;yes;0,67
Панель управления;Assembly_24;Part_00767;3;Drilling;Сверлильный станок 1;1,26;16;3;yes;1,1
Панель управления;Assembly_24;Part_00767;4;Grinding;Шлифовальный станок 1;1,93;16;3;no;0,78
Панель управления;Assembly_25;Part_00341;1;Casting;Литейная установка 1;2,22;;;;
Панель управления;Assembly_25;Part_00341;2;Milling;Фрезерный станок 1;5,1;16;1;no;1,44
Панель управления;Assembly_25;Part_00341;3;Drilling;Сверлильный станок 1;1,18;16;3;yes;1,1
Панель управления;Assembly_26;Part_00835;1;Cutting;Ленточнопильный станок 1;1,43;16;2;no;0,53
Панель управления;Assembly_26;Part_00835;2;Milling;Фрезерный станок 2;3,45;24;2;yes;0,67
Панель управления;Assembly_26;Part_00835;3;Heat treatment;Печь термообработки 1;3,51;20;1;no;0,2
Панель управления;Assembly_26;Part_00835;4;Grinding;Шлифовальный станок 1;1,16;16;3;no;0,78
Панель управления;Assembly_28;Part_00960;1;Cutting;Ленточнопильный станок 1;1,23;16;2;no;0,53
Панель управления;Assembly_28;Part_00960;2;Milling;Фрезерный станок 2;5,1;24;2;yes;0,67
Панель управления;Assembly_28;Part_00960;3;Drilling;Сверлильный станок 1;0,73;16;3;yes;1,1
Панель управления;Assembly_28;Part_00960;4;Grinding;Шлифовальный станок 1;2,13;16;3;no;0,78
Панель управления;Assembly_29;Part_00208;1;Forging;Кузнечный пресс 1;2,36;;;;
Панель управления;Assembly_29;Part_00208;2;Turning;Токарный станок 2;3,33;16;3;no;1,26
Панель управления;Assembly_29;Part_00208;3;Grinding;Шлифовальный станок 1;2,17;16;3;no;0,78
Панель управления;Assembly_29;Part_00606;1;Cutting;Ленточнопильный станок 1;0,88;16;2;no;0,53
Панель управления;Assembly_29;Part_00606;2;Milling;Фрезерный станок 2;3,61;24;2;yes;0,67
Панель управления;Assembly_29;Part_00606;3;Heat treatment;Печь термообработки 1;4,45;20;1;no;0,2
Панель управления;Assembly_29;Part_00606;4;Grinding;Шлифовальный станок 1;2,45;16;3;no;0,78
Панель управления;Assembly_3;Part_00906;1;Cutting;Ленточнопильный станок 1;1,36;16;2;no;0,53
Панель управления;Assembly_3;Part_00906;2;Milling;Фрезерный станок 1;4,37;16;1;no;1,44
Панель управления;Assembly_3;Part_00906;3;Drilling;Сверлильный станок 1;1,61;16;3;yes;1,1
Панель управления;Assembly_3;Part_00906;4;Grinding;Шлифовальный станок 1;1,69;16;3;no;0,78
Панель управления;Assembly_30;Part_00353;1;Casting;Литейная установка 1;3,64;;;;
Панель управления;Assembly_30;Part_00353;2;Milling;Фрезерный станок 2;4,39;24;2;yes;0,67
Панель управления;Assembly_30;Part_00353;3;Drilling;Сверлильный станок 1;1,41;16;3;yes;1,1
Панель управления;Assembly_30;Part_00459;1;Cutting;Ленточнопильный станок 2;0,89;16;2;yes;0,26
Панель управления;Assembly_30;Part_00459;2;Milling;Фрезерный станок 1;3,33;16;1;no;1,44
Панель управления;Assembly_30;Part_00459;3;Heat treatment;Печь термообработки 1;4,32;20;1;no;0,2
Панель управления;Assembly_30;Part_00459;4;Grinding;Шлифовальный станок 1;1,19;16;3;no;0,78
Панель управления;Assembly_32;Part_00447;1;Cutting;Ленточнопильный станок 1;1,35;16;2;no;0,53
Панель управления;Assembly_32;Part_00447;2;Milling;Фрезерный станок 1;4,82;16;1;no;1,44
Панель управления;Assembly_32;Part_00447;3;Heat treatment;Печь термообработки 1;6,22;20;1;no;0,2
Панель управления;Assembly_32;Part_00447;4;Grinding;Шлифовальный станок 1;1,98;16;3;no;0,78
Панель управления;Assembly_33;Part_00683;1;Cutting;Ленточнопильный станок 1;0,71;16;2;no;0,53
Панель управления;Assembly_33;Part_00683;2;Milling;Фрезерный станок 1;5,84;16;1;no;1,44
Панель управления;Assembly_33;Part_00683;3;Drilling;Сверлильный станок 1;0,53;16;3;yes;1,1
Панель управления;Assembly_33;Part_00683;4;Grinding;Шлифовальный станок 1;2,97;16;3;no;0,78
Панель управления;Assembly_34;Part_01137;1;Forging;Кузнечный пресс 1;2,13;;;;
Панель управления;Assembly_34;Part_01137;2;Turning;Токарный станок 2;1,72;16;3;no;1,26
Панель управления;Assembly_34;Part_01137;3;Grinding;Шлифовальный станок 1;1,34;16;3;no;0,78
Панель управления;Assembly_35;Part_01138;1;Casting;Литейная установка 1;4,92;;;;
Панель управления;Assembly_35;Part_01138;2;Milling;Фрезерный станок 2;3,34;24;2;yes;0,67
Панель управления;Assembly_35;Part_01138;3;Drilling;Сверлильный станок 1;1,84;16;3;yes;1,1
Панель управления;Assembly_36;Part_00093;1;Cutting;Ленточнопильный станок 1;0,75;16;2;no;0,53
Панель управления;Assembly_36;Part_00093;2;Milling;Фрезерный станок 1;5,98;16;1;no;1,44
Панель управления;Assembly_36;Part_00093;3;Heat treatment;Печь термообработки 1;4,84;20;1;no;0,2
Панель управления;Assembly_36;Part_00093;4;Grinding;Шлифовальный станок 1;1,56;16;3;no;0,78
Панель управления;Assembly_36;Part_00586;1;Cutting;Ленточнопильный станок 1;0,92;16;2;no;0,53
Панель управления;Assembly_36;Part_00586;2;Milling;Фрезерный станок 2;2,89;24;2;yes;0,67
Панель управления;Assembly_36;Part_00586;3;Heat treatment;Печь термообработки 1;5,98;20;1;no;0,2
Панель управления;Assembly_36;Part_00586;4;Grinding;Шлифовальный станок 1;1,82;16;3;no;0,78
Панель управления;Assembly_36;Part_00816;1;Cutting;Ленточнопильный станок 1;0,88;16;2;no;0,53
Панель управления;Assembly_36;Part_00816;2;Turning;Токарный станок 1;1,95;20;2;yes;0,49
Панель управления;Assembly_36;Part_00816;3;Heat treatment;Печь термообработки 1;5,32;20;1;no;0,2
Панель управления;Assembly_36;Part_00816;4;Grinding;Шлифовальный станок 1;1,78;16;3;no;0,78
Панель управления;Assembly_36;Part_00816;5;Polishing;Полировальный станок 1;0,59;24;2;yes;1,29
Панель управления;Assembly_37;Part_00082;1;Casting;Литейная установка 1;2,13;;;;
Панель управления;Assembly_37;Part_00082;2;Milling;Фрезерный станок 2;3,67;24;2;yes;0,67
Панель управления;Assembly_37;Part_00082;3;Drilling;Сверлильный станок 1;1,03;16;3;yes;1,1
Панель управления;Assembly_37;Part_00462;1;Cutting;Ленточнопильный станок 1;1,05;16;2;no;0,53
Панель управления;Assembly_37;Part_00462;2;Milling;Фрезерный станок 1;4,35;16;1;no;1,44
Панель управления;Assembly_37;Part_00462;3;Heat treatment;Печь термообработки 1;7,63;20;1;no;0,2
Панель управления;Assembly_37;Part_00462;4;Grinding;Шлифовальный станок 1;1,98;16;3;no;0,78
Панель управления;Assembly_37;Part_01025;1;Cutting;Ленточнопильный станок 1;1,15;16;2;no;0,53
Панель управления;Assembly_37;Part_01025;2;Turning;Токарный станок 1;4,73;20;2;yes;0,49
Панель управления;Assembly_37;Part_01025;3;Heat treatment;Печь термообработки 1;3,25;20;1;no;0,2
Панель управления;Assembly_37;Part_01025;4;Grinding;Шлифовальный станок 1;1,83;16;3;no;0,78
Панель управления;Assembly_37;Part_01025;5;Polishing;Полировальный станок 1;1,44;24;2;yes;1,29
Панель управления;Assembly_39;Part_01094;1;Cutting;Ленточнопильный станок 1;0,92;16;2;no;0,53
Панель управления;Assembly_39;Part_01094;2;Turning;Токарный станок 2;3,27;16;3;no;1,26
Панель управления;Assembly_39;Part_01094;3;Heat treatment;Печь термообработки 1;4,18;20;1;no;0,2
Панель управления;Assembly_39;Part_01094;4;Grinding;Шлифовальный станок 1;1,98;16;3;no;0,78
Панель управления;Assembly_39;Part_01094;5;Polishing;Полировальный станок 1;0,54;24;2;yes;1,29
Панель управления;Assembly_39;Part_01201;1;Cutting;Ленточнопильный станок 2;0,89;16;2;yes;0,26
Панель управления;Assembly_39;Part_01201;2;Milling;Фрезерный станок 1;3,67;16;1;no;1,44
Панель управления;Assembly_39;Part_01201;3;Heat treatment;Печь термообработки 1;7,61;20;1;no;0,2
Панель управления;Assembly_39;Part_01201;4;Grinding;Шлифовальный станок 1;2,47;16;3;no;0,78
Панель управления;Assembly_39;Part_01224;1;Casting;Литейная установка 1;4,35;;;;
Панель управления;Assembly_39;Part_01224;2;Milling;Фрезерный станок 2;2,44;24;2;yes;0,67
Панель управления;Assembly_39;Part_01224;3;Drilling;Сверлильный станок 1;1,73;16;3;yes;1,1
Панель управления;Assembly_39;Part_01235;1;Cutting;Ленточнопильный станок 2;1,02;16;2;yes;0,26
Панель управления;Assembly_39;Part_01235;2;Milling;Фрезерный станок 1;5,3;16;1;no;1,44
Панель управления;Assembly_39;Part_01235;3;Heat treatment;Печь термообработки 1;3,12;20;1;no;0,2
Панель управления;Assembly_39;Part_01235;4;Grinding;Шлифовальный станок 1;1,65;16;3;no;0,78
Панель управления;Assembly_4;Part_00085;1;Cutting;Ленточнопильный станок 2;1,08;16;2;yes;0,26
Панель управления;Assembly_4;Part_00085;2;Milling;Фрезерный станок 2;5,14;24;2;yes;0,67
Панель управления;Assembly_4;Part_00085;3;Drilling;Сверлильный станок 1;1,04;16;3;yes;1,1
Панель управления;Assembly_4;Part_00085;4;Grinding;Шлифовальный станок 1;1,81;16;3;no;0,78
Панель управления;Assembly_4;Part_00124;1;Cutting;Ленточнопильный станок 2;1,17;16;2;yes;0,26
Панель управления;Assembly_4;Part_00124;2;Milling;Фрезерный станок 1;4,17;16;1;no;1,44
Панель управления;Assembly_4;Part_00124;3;Heat treatment;Печь термообработки 1;7,47;20;1;no;0,2
Панель управления;Assembly_4;Part_00124;4;Grinding;Шлифовальный станок 1;2,95;16;3;no;0,78
Панель управления;Assembly_4;Part_01216;1;Casting;Литейная установка 1;2,88;;;;
Панель управления;Assembly_4;Part_01216;2;Milling;Фрезерный станок 1;2,38;16;1;no;1,44
Панель управления;Assembly_4;Part_01216;3;Drilling;Сверлильный станок 1;1,5;16;3;yes;1,1
Панель управления;Assembly_43;Part_00411;1;Forging;Кузнечный пресс 1;2,76;;;;
Панель управления;Assembly_43;Part_00411;2;Turning;Токарный станок 2;3,63;16;3;no;1,26
Панель управления;Assembly_43;Part_00411;3;Grinding;Шлифовальный станок 1;1,88;16;3;no;0,78
Панель управления;Assembly_44;Part_00187;1;Cutting;Ленточнопильный станок 2;0,57;16;2;yes;0,26
Панель управления;Assembly_44;Part_00187;2;Milling;Фрезерный станок 1;3,92;16;1;no;1,44
Панель управления;Assembly_44;Part_00187;3;Drilling;Сверлильный станок 1;1,98;16;3;yes;1,1
Панель управления;Assembly_44;Part_00187;4;Grinding;Шлифовальный станок 1;2,3;16;3;no;0,78
Панель управления;Assembly_44;Part_01181;1;Cutting;Ленточнопильный станок 1;1,3;16;2;no;0,53
Панель управления;Assembly_44;Part_01181;2;Turning;Токарный станок 1;2,62;20;2;yes;0,49
Панель управления;Assembly_44;Part_01181;3;Heat treatment;Печь термообработки 1;5,96;20;1;no;0,2
Панель управления;Assembly_44;Part_01181;4;Grinding;Шлифовальный станок 1;1,17;16;3;no;0,78
Панель управления;Assembly_44;Part_01181;5;Polishing;Полировальный станок 1;0,74;24;2;yes;1,29
Панель управления;Assembly_47;Part_00171;1;Cutting;Ленточнопильный станок 2;1,24;16;2;yes;0,26
Панель управления;Assembly_47;Part_00171;2;Milling;Фрезерный станок 2;2,01;24;2;yes;0,67
Панель управления;Assembly_47;Part_00171;3;Heat treatment;Печь термообработки 1;5,22;20;1;no;0,2
Панель управления;Assembly_47;Part_00171;4;Grinding;Шлифовальный станок 1;2,35;16;3;no;0,78
Панель управления;Assembly_47;Part_00649;1;Casting;Литейная установка 1;3,4;;;;
Панель управления;Assembly_47;Part_00649;2;Milling;Фрезерный станок 1;5,42;16;1;no;1,44
Панель управления;Assembly_47;Part_00649;3;Drilling;Сверлильный станок 1;1,57;16;3;yes;1,1
Панель управления;Assembly_48;Part_00429;1;Forging;Кузнечный пресс 1;2,8;;;;
Панель управления;Assembly_48;Part_00429;2;Turning;Токарный станок 2;4,96;16;3;no;1,26
Панель управления;Assembly_48;Part_00429;3;Grinding;Шлифовальный станок 1;1,07;16;3;no;0,78
Панель управления;Assembly_48;Part_01077;1;Casting;Литейная установка 1;3,02;;;;
Панель управления;Assembly_48;Part_01077;2;Milling;Фрезерный станок 2;5,74;24;2;yes;0,67
Панель управления;Assembly_48;Part_01077;3;Drilling;Сверлильный станок 1;0,54;16;3;yes;1,1
Панель управления;Assembly_5;Part_00348;1;Cutting;Ленточнопильный станок 1;1,09;16;2;no;0,53
Панель управления;Assembly_5;Part_00348;2;Turning;Токарный станок 2;4,18;16;3;no;1,26
Панель управления;Assembly_5;Part_00348;3;Heat treatment;Печь термообработки 1;3,36;20;1;no;0,2
Панель управления;Assembly_5;Part_00348;4;Grinding;Шлифовальный станок 1;2,84;16;3;no;0,78
Панель управления;Assembly_5;Part_00348;5;Polishing;Полировальный станок 1;1,1;24;2;yes;1,29
Панель управления;Assembly_50;Part_00370;1;Cutting;Ленточнопильный станок 1;1,1;16;2;no;0,53
Панель управления;Assembly_50;Part_00370;2;Milling;Фрезерный станок 2;3,41;24;2;yes;0,67
Панель управления;Assembly_50;Part_00370;3;Drilling;Сверлильный станок 1;1,55;16;3;yes;1,1
Панель управления;Assembly_50;Part_00370;4;Grinding;Шлифовальный станок 1;1,13;16;3;no;0,78
Панель управления;Assembly_50;Part_00824;1;Forging;Кузнечный пресс 1;3,18;;;;
Панель управления;Assembly_50;Part_00824;2;Turning;Токарный станок 1;3,29;20;2;yes;0,49
Панель управления;Assembly_50;Part_00824;3;Grinding;Шлифовальный станок 1;2,63;16;3;no;0,78
Панель управления;Assembly_51;Part_01231;1;Cutting;Ленточнопильный станок 1;0,94;16;2;no;0,53
Панель управления;Assembly_51;Part_01231;2;Milling;Фрезерный станок 1;2,31;16;1;no;1,44
Панель управления;Assembly_51;Part_01231;3;Heat treatment;Печь термообработки 1;3,7;20;1;no;0,2
Панель управления;Assembly_51;Part_01231;4;Grinding;Шлифовальный станок 1;1,18;16;3;no;0,78
Панель управления;Assembly_53;Part_00037;1;Cutting;Ленточнопильный станок 2;0,81;16;2;yes;0,26
Панель управления;Assembly_53;Part_00037;2;Turning;Токарный станок 2;1,94;16;3;no;1,26
Панель управления;Assembly_53;Part_00037;3;Heat treatment;Печь термообработки 1;3,71;20;1;no;0,2
Панель управления;Assembly_53;Part_00037;4;Grinding;Шлифовальный станок 1;2,56;16;3;no;0,78
Панель управления;Assembly_53;Part_00037;5;Polishing;Полировальный станок 1;0,68;24;2;yes;1,29
Панель управления;Assembly_53;Part_00789;1;Cutting;Ленточнопильный станок 2;0,72;16;2;yes;0,26
Панель управления;Assembly_53;Part_00789;2;Milling;Фрезерный станок 2;4,84;24;2;yes;0,67
Панель управления;Assembly_53;Part_00789;3;Heat treatment;Печь термообработки 1;6,08;20;1;no;0,2
Панель управления;Assembly_53;Part_00789;4;Grinding;Шлифовальный станок 1;1,6;16;3;no;0,78
Панель управления;Assembly_54;Part_01093;1;Cutting;Ленточнопильный станок 1;0,76;16;2;no;0,53
Панель управления;Assembly_54;Part_01093;2;Milling;Фрезерный станок 1;3,97;16;1;no;1,44
Панель управления;Assembly_54;Part_01093;3;Drilling;Сверлильный станок 1;1,38;16;3;yes;1,1
Панель управления;Assembly_54;Part_01093;4;Grinding;Шлифовальный станок 1;1,79;16;3;no;0,78
Панель управления;Assembly_55;Part_00572;1;Cutting;Ленточнопильный станок 2;1,5;16;2;yes;0,26
Панель управления;Assembly_55;Part_00572;2;Turning;Токарный станок 1;4,87;20;2;yes;0,49
Панель управления;Assembly_55;Part_00572;3;Heat treatment;Печь термообработки 1;7,93;20;1;no;0,2
Панель управления;Assembly_55;Part_00572;4;Grinding;Шлифовальный станок 1;1,69;16;3;no;0,78
Панель управления;Assembly_55;Part_00572;5;Polishing;Полировальный станок 1;0,83;24;2;yes;1,29
Панель управления;Assembly_56;Part_00185;1;Cutting;Ленточнопильный станок 1;0,67;16;2;no;0,53
Панель управления;Assembly_56;Part_00185;2;Milling;Фрезерный станок 1;2,54;16;1;no;1,44
Панель управления;Assembly_56;Part_00185;3;Heat treatment;Печь термообработки 1;7,06;20;1;no;0,2
Панель управления;Assembly_56;Part_00185;4;Grinding;Шлифовальный станок 1;1,47;16;3;no;0,78
Панель управления;Assembly_58;Part_00803;1;Casting;Литейная установка 1;3,19;;;;
Панель управления;Assembly_58;Part_00803;2;Milling;Фрезерный станок 2;2,15;24;2;yes;0,67
Панель управления;Assembly_58;Part_00803;3;Drilling;Сверлильный станок 1;1,11;16;3;yes;1,1
Панель управления;Assembly_58;Part_00943;1;Casting;Литейная установка 1;4,65;;;;
Панель управления;Assembly_58;Part_00943;2;Milling;Фрезерный станок 1;4,27;16;1;no;1,44
Панель управления;Assembly_58;Part_00943;3;Drilling;Сверлильный станок 1;1,63;16;3;yes;1,1
Панель управления;Assembly_59;Part_00843;1;Cutting;Ленточнопильный станок 1;1,07;16;2;no;0,53
Панель управления;Assembly_59;Part_00843;2;Milling;Фрезерный станок 1;4,17;16;1;no;1,44
Панель управления;Assembly_59;Part_00843;3;Heat treatment;Печь термообработки 1;5,42;20;1;no;0,2
Панель управления;Assembly_59;Part_00843;4;Grinding;Шлифовальный станок 1;1,13;16;3;no;0,78
Панель управления;Assembly_6;Part_00817;1;Cutting;Ленточнопильный станок 2;0,8;16;2;yes;0,26
Панель управления;Assembly_6;Part_00817;2;Milling;Фрезерный станок 2;5,89;24;2;yes;0,67
Панель управления;Assembly_6;Part_00817;3;Heat treatment;Печь термообработки 1;5,89;20;1;no;0,2
Панель управления;Assembly_6;Part_00817;4;Grinding;Шлифовальный станок 1;2,02;16;3;no;0,78
Панель управления;Assembly_60;Part_00300;1;Cutting;Ленточнопильный станок 2;1,02;16;2;yes;0,26
Панель управления;Assembly_60;Part_00300;2;Milling;Фрезерный станок 2;5,3;24;2;yes;0,67
Панель управления;Assembly_60;Part_00300;3;Drilling;Сверлильный станок 1;1,68;16;3;yes;1,1
Панель управления;Assembly_60;Part_00300;4;Grinding;Шлифовальный станок 1;2,45;16;3;no;0,78
Панель управления;Assembly_9;Part_00041;1;Cutting;Ленточнопильный станок 2;1,48;16;2;yes;0,26
Панель управления;Assembly_9;Part_00041;2;Milling;Фрезерный станок 2;3,59;24;2;yes;0,67
Панель управления;Assembly_9;Part_00041;3;Heat treatment;Печь термообработки 1;3,86;20;1;no;0,2
Панель управления;Assembly_9;Part_00041;4;Grinding;Шлифовальный станок 1;1,47;16;3;no;0,78
Панель управления;Assembly_9;Part_00402;1;Cutting;Ленточнопильный станок 2;0,82;16;2;yes;0,26
Панель управления;Assembly_9;Part_00402;2;Milling;Фрезерный станок 2;2,67;24;2;yes;0,67
Панель управления;Assembly_9;Part_00402;3;Drilling;Сверлильный станок 1;1,63;16;3;yes;1,1
Панель управления;Assembly_9;Part_00402;4;Grinding;Шлифовальный станок 1;1,04;16;3;no;0,78